appid,name,type,is_free,price_currency,price_discount_pct,price_initial_fmt,price_final_fmt,release_date_fmt,recommendations,last_seen_players,review_score,review_score_desc,review_positive,review_negative,review_total,appid_amount,refresh_count,DataUpdatedAt
10,Counter-Strike,game,False,USD,0,$9.99,$9.99,2003-09-12,169640,7121,9,Overwhelmingly Positive,254818,6791,261609,10_1,1,2026-09-06T09:13:52+00:00
20,Team Fortress Classic,game,False,USD,0,$4.99,$4.99,2003-09-12,7046,22,8,Very Positive,8089,1189,9278,20_1,1,2026-09-06T09:29:34+00:00
30,Day of Defeat,game,False,USD,0,$4.99,$4.99,2003-09-12,4478,56,8,Very Positive,6648,724,7372,30_1,1,2026-09-06T09:28:33+00:00
50,Half-Life: Opposing Force,game,False,USD,0,$4.99,$4.99,2003-09-12,25384,84,9,Overwhelmingly Positive,27582,1344,28926,50_1,1,2026-09-06T09:28:05+00:00
70,Half-Life,game,False,USD,0,$9.99,$9.99,2003-09-12,117138,593,9,Overwhelmingly Positive,158176,5747,163923,70_1,1,2026-09-06T09:16:48+00:00
80,Counter-Strike: Condition Zero,game,False,USD,0,$9.99,$9.99,2004-03-01,21423,341,8,Very Positive,25951,2424,28375,80_1,1,2026-09-06T09:20:44+00:00
130,Half-Life: Blue Shift,game,False,USD,0,$4.99,$4.99,2003-09-12,18624,40,8,Very Positive,19638,1571,21209,130_1,1,2026-09-06T09:35:34+00:00
220,Half-Life 2,game,False,USD,0,$9.99,$9.99,2004-11-16,202438,1558,9,Overwhelmingly Positive,272223,6709,278932,220_1,1,2026-09-06T09:15:36+00:00
240,Counter-Strike: Source,game,False,USD,0,$9.99,$9.99,2004-11-01,135338,2161,9,Overwhelmingly Positive,185954,7167,193121,240_1,1,2026-09-06T09:14:49+00:00
300,Day of Defeat: Source,game,False,USD,0,$9.99,$9.99,2010-07-12,15986,186,8,Very Positive,21678,1939,23617,300_1,1,2026-09-06T09:21:06+00:00
320,Half-Life 2: Deathmatch,game,False,,,,,2004-11-01,10235,109,8,Very Positive,13924,1429,15353,320_1,1,2026-09-06T09:26:11+00:00
360,Half-Life Deathmatch: Source,game,False,USD,0,$9.99,$9.99,2006-05-01,4359,24,6,Mostly Positive,4217,1367,5584,360_1,1,2026-09-06T09:41:05+00:00
400,Portal,game,False,USD,0,$9.99,$9.99,2007-10-10,173315,507,9,Overwhelmingly Positive,195959,2935,198894,400_1,1,2026-09-06T09:17:50+00:00
440,Team Fortress 2,game,True,,,,,2007-10-10,47811,49321,8,Very Positive,1137779,112073,1249852,440_1,1,2026-09-06T09:13:01+00:00
500,Left 4 Dead,game,False,USD,0,$9.99,$9.99,2008-11-17,58123,411,9,Overwhelmingly Positive,65614,2459,68073,500_1,1,2026-09-06T09:18:36+00:00
550,Left 4 Dead 2,game,False,USD,0,$9.99,$9.99,2009-11-16,814996,18471,9,Overwhelmingly Positive,1030675,26186,1056861,550_1,1,2026-09-06T09:13:17+00:00
570,Dota 2,game,True,,,,,2013-07-09,14375,675857,8,Very Positive,2232602,540093,2772695,570_1,1,2026-09-06T09:12:53+00:00
620,Portal 2,game,False,USD,0,$9.99,$9.99,2011-04-18,389973,1570,9,Overwhelmingly Positive,460261,6051,466312,620_1,1,2026-09-06T09:15:04+00:00
630,Alien Swarm,game,True,,,,,2010-07-19,294,20,8,Very Positive,20498,1118,21616,630_1,1,2026-09-06T09:41:52+00:00
730,Counter-Strike 2,game,True,,,,,2012-08-21,5255732,884301,8,Very Positive,8452711,1387263,9839974,730_1,1,2026-09-06T09:12:53+00:00
1250,Killing Floor,game,False,USD,0,$19.99,$19.99,2009-05-14,40069,176,9,Overwhelmingly Positive,65580,3338,68918,1250_1,1,2026-09-06T09:22:20+00:00
1630,Disciples II: Rise of the Elves ,game,False,USD,0,$5.99,$5.99,2006-07-06,1272,60,8,Very Positive,1260,177,1437,1630_1,1,2026-09-06T09:32:06+00:00
1640,Disciples II: Gallean's Return,game,False,USD,0,$5.99,$5.99,2006-07-06,1472,49,8,Very Positive,1382,271,1653,1640_1,1,2026-09-06T09:33:38+00:00
1930,Two Worlds Epic Edition,game,False,USD,0,$14.99,$14.99,2009-04-30,2627,26,6,Mostly Positive,4589,1332,5921,1930_1,1,2026-09-06T09:38:55+00:00
2100,Dark Messiah of Might & Magic,game,False,USD,0,$9.99,$9.99,2006-10-25,9321,29,8,Very Positive,10720,1077,11797,2100_1,1,2026-09-06T09:37:04+00:00
2200,Quake III Arena,game,False,USD,0,$14.99,$14.99,2007-08-03,3468,34,9,Overwhelmingly Positive,3934,170,4104,2200_1,1,2026-09-06T09:36:42+00:00
2210,Quake 4,game,False,USD,0,$14.99,$14.99,2011-08-04,3106,25,8,Very Positive,3491,495,3986,2210_1,1,2026-09-06T09:39:43+00:00
2280,DOOM + DOOM II,game,False,USD,0,$9.99,$9.99,2007-08-03,25412,179,9,Overwhelmingly Positive,28047,980,29027,2280_1,1,2026-09-06T09:20:56+00:00
2310,Quake,game,False,USD,0,$9.99,$9.99,2007-08-03,13909,222,9,Overwhelmingly Positive,15772,583,16355,2310_1,1,2026-09-06T09:20:32+00:00
2320,Quake II,game,False,USD,0,$9.99,$9.99,2007-08-03,8511,92,9,Overwhelmingly Positive,9907,484,10391,2320_1,1,2026-09-06T09:26:54+00:00
2600,Vampire: The Masquerade - Bloodlines,game,False,USD,50,$19.99,$9.99,2007-03-22,13864,58,8,Very Positive,14498,858,15356,2600_1,1,2026-09-06T09:28:34+00:00
2620,Call of Duty® (2003),game,False,USD,50,$19.99,$9.99,2006-10-13,7302,98,8,Very Positive,7394,418,7812,2620_1,1,2026-09-06T09:29:07+00:00
2630,Call of Duty® 2,game,False,USD,50,$19.99,$9.99,2006-10-13,9147,244,8,Very Positive,10780,726,11506,2630_1,1,2026-09-06T09:20:51+00:00
2640,Call of Duty: United Offensive,game,False,USD,25,$19.99,$14.99,2006-10-13,2257,24,8,Very Positive,2110,316,2426,2640_1,1,2026-09-06T09:35:11+00:00
2700,RollerCoaster Tycoon® 3: Platinum,game,False,,,,,2008-03-12,4151,44,8,Very Positive,4821,423,5244,2700_1,1,2026-09-06T09:33:15+00:00
2820,X3: Terran Conflict,game,False,USD,0,$15.99,$15.99,2008-10-16,2089,58,8,Very Positive,2454,417,2871,2820_1,1,2026-09-06T09:34:39+00:00
2990,FlatOut 2,game,False,USD,0,$9.99,$9.99,2006-12-21,19416,138,9,Overwhelmingly Positive,21239,899,22138,2990_1,1,2026-09-06T09:23:46+00:00
3170,King's Bounty: Armored Princess,game,False,USD,0,$9.99,$9.99,2009-11-19,1141,128,8,Very Positive,1301,124,1425,3170_1,1,2026-09-06T09:26:47+00:00
3300,Bejeweled 2 Deluxe,game,False,USD,0,$4.99,$4.99,2006-08-30,715,39,9,Overwhelmingly Positive,733,38,771,3300_1,1,2026-09-06T09:38:28+00:00
3310,Chuzzle Deluxe,game,False,USD,0,$4.99,$4.99,2006-08-30,1464,50,8,Very Positive,1516,92,1608,3310_1,1,2026-09-06T09:31:18+00:00
3320,Insaniquarium Deluxe,game,False,USD,0,$4.99,$4.99,2006-08-30,6387,46,9,Overwhelmingly Positive,6612,218,6830,3320_1,1,2026-09-06T09:34:24+00:00
3330,Zuma Deluxe,game,False,USD,0,$4.99,$4.99,2006-08-30,6463,719,9,Overwhelmingly Positive,6519,297,6816,3330_1,1,2026-09-06T09:19:02+00:00
3380,Dynomite Deluxe,game,False,USD,0,$4.99,$4.99,2006-08-30,396,36,8,Very Positive,415,18,433,3380_1,1,2026-09-06T09:38:29+00:00
3480,Peggle Deluxe,game,False,USD,0,$4.99,$4.99,2007-03-06,12572,153,9,Overwhelmingly Positive,14127,339,14466,3480_1,1,2026-09-06T09:22:59+00:00
3540,Peggle™ Nights,game,False,USD,0,$4.99,$4.99,2008-10-15,3018,51,9,Overwhelmingly Positive,3311,114,3425,3540_1,1,2026-09-06T09:29:27+00:00
3590,Plants vs. Zombies GOTY Edition,game,False,USD,0,$4.99,$4.99,2009-05-05,143255,3584,9,Overwhelmingly Positive,152101,3586,155687,3590_1,1,2026-09-06T09:15:40+00:00
3620,Zuma's Revenge!,game,False,USD,0,$4.99,$4.99,2009-09-15,3142,208,8,Very Positive,3343,186,3529,3620_1,1,2026-09-06T09:23:55+00:00
3700,Sniper Elite,game,False,USD,0,$7.99,$7.99,2009-07-16,3559,9,6,Mostly Positive,3181,1010,4191,3700_1,1,2026-09-06T09:39:44+00:00
3720,Evil Genius,game,False,USD,90,$9.99,$0.99,2009-06-22,3052,16,8,Very Positive,3364,246,3610,3720_1,1,2026-09-06T09:40:08+00:00
3830,Psychonauts,game,False,USD,0,$9.99,$9.99,2006-10-11,12310,50,8,Very Positive,18297,974,19271,3830_1,1,2026-09-06T09:27:59+00:00
3900,Sid Meier's Civilization® IV,game,False,USD,80,$19.99,$3.99,2006-10-25,2779,619,8,Very Positive,3382,278,3660,3900_1,1,2026-09-06T09:17:27+00:00
3910,Sid Meier's Civilization® III Complete,game,False,USD,20,$4.99,$3.99,2006-10-25,5707,1224,8,Very Positive,6977,820,7797,3910_1,1,2026-09-06T09:15:35+00:00
3920,Sid Meier's Pirates!,game,False,USD,0,$9.99,$9.99,2005-07-11,6186,92,8,Very Positive,7122,419,7541,3920_1,1,2026-09-06T09:26:28+00:00
3990,Civilization IV®: Warlords,game,False,USD,0,$4.99,$4.99,2007-04-06,403,149,8,Very Positive,497,53,550,3990_1,1,2026-09-06T09:23:24+00:00
4000,Garry's Mod,game,False,USD,50,$9.99,$4.99,2006-11-29,1091135,22371,9,Overwhelmingly Positive,1223565,39487,1263052,4000_1,1,2026-09-06T09:13:13+00:00
4560,Company of Heroes - Legacy Edition,game,False,USD,0,$36.99,$36.99,2007-07-17,4831,95,8,Very Positive,6801,493,7294,4560_1,1,2026-09-06T09:31:23+00:00
4570,"Warhammer 40,000: Dawn of War - Anniversary Edition (Classic)",game,False,USD,0,$14.99,$14.99,2007-08-07,8804,50,8,Very Positive,11291,645,11936,4570_1,1,2026-09-06T09:31:53+00:00
4700,Total War: MEDIEVAL II – Definitive Edition,game,False,USD,0,$19.99,$19.99,2006-11-15,27261,3479,9,Overwhelmingly Positive,34806,1585,36391,4700_1,1,2026-09-06T09:14:31+00:00
4850,Cossacks: Back to War,game,False,USD,0,$4.99,$4.99,2010-09-02,2657,189,8,Very Positive,2643,342,2985,4850_1,1,2026-09-06T09:23:53+00:00
4880,Cossacks: European Wars,game,False,USD,0,$4.99,$4.99,2011-08-26,537,39,6,Mostly Positive,472,163,635,4880_1,1,2026-09-06T09:38:56+00:00
4890,Cossacks II: Battle for Europe,game,False,USD,0,$4.99,$4.99,2011-08-26,1057,46,8,Very Positive,989,235,1224,4890_1,1,2026-09-06T09:37:05+00:00
4920,Natural Selection 2,game,False,USD,0,$4.99,$4.99,2012-10-30,8632,36,8,Very Positive,11383,1987,13370,4920_1,1,2026-09-06T09:27:51+00:00
6000,STAR WARS™ Republic Commando™,game,False,USD,0,$9.99,$9.99,2009-07-08,14632,29,9,Overwhelmingly Positive,16406,748,17154,6000_1,1,2026-09-06T09:36:44+00:00
6020,STAR WARS™ Jedi Knight - Jedi Academy™,game,False,USD,0,$9.99,$9.99,2009-09-16,11283,53,9,Overwhelmingly Positive,13275,554,13829,6020_1,1,2026-09-06T09:30:02+00:00
6030,STAR WARS™ Jedi Knight II - Jedi Outcast™,game,False,USD,0,$9.99,$9.99,2009-09-16,4042,19,8,Very Positive,4510,444,4954,6030_1,1,2026-09-06T09:40:37+00:00
6060,"STAR WARS™ Battlefront II (Classic, 2005)",game,False,USD,0,$9.99,$9.99,2009-07-08,46371,96,8,Very Positive,51335,2934,54269,6060_1,1,2026-09-06T09:23:41+00:00
6220,FlatOut,game,False,USD,0,$7.49,$7.49,2007-02-02,5853,35,8,Very Positive,6066,592,6658,6220_1,1,2026-09-06T09:39:18+00:00
6800,Commandos: Behind Enemy Lines,game,False,USD,55,$4.99,$2.24,2007-03-15,3506,70,8,Very Positive,3637,399,4036,6800_1,1,2026-09-06T09:29:43+00:00
6810,Commandos: Beyond the Call of Duty,game,False,USD,55,$4.99,$2.24,2007-03-15,972,26,8,Very Positive,991,128,1119,6810_1,1,2026-09-06T09:39:45+00:00
6830,Commandos 2: Men of Courage,game,False,USD,55,$4.99,$2.24,2007-03-15,2398,40,8,Very Positive,2422,401,2823,6830_1,1,2026-09-06T09:38:58+00:00
6860,Hitman: Blood Money,game,False,USD,0,$9.99,$9.99,2007-03-15,13616,77,8,Very Positive,15132,957,16089,6860_1,1,2026-09-06T09:29:12+00:00
6900,Hitman: Codename 47,game,False,USD,90,$7.99,$0.79,2007-03-15,4239,13,6,Mostly Positive,3608,1490,5098,6900_1,1,2026-09-06T09:38:31+00:00
6910,Deus Ex: Game of the Year Edition,game,False,USD,0,$6.99,$6.99,2007-03-29,13723,42,8,Very Positive,14824,809,15633,6910_1,1,2026-09-06T09:31:08+00:00
7000,Tomb Raider: Legend,game,False,USD,86,$6.99,$0.97,2007-03-29,5414,36,8,Very Positive,5365,760,6125,7000_1,1,2026-09-06T09:33:26+00:00
7200,Trackmania United Forever,game,False,USD,0,$29.99,$29.99,2008-04-16,2485,50,8,Very Positive,2649,147,2796,7200_1,1,2026-09-06T09:29:28+00:00
7600,Sid Meier's Railroads!,game,False,USD,0,$9.99,$9.99,2007-05-04,2625,63,6,Mostly Positive,2465,1008,3473,7600_1,1,2026-09-06T09:29:35+00:00
7610,Railroad Tycoon 3,game,False,USD,0,$9.99,$9.99,2007-05-04,1126,28,6,Mostly Positive,979,286,1265,7610_1,1,2026-09-06T09:32:48+00:00
7620,Railroad Tycoon II Platinum,game,False,USD,0,$4.99,$4.99,2007-05-04,1340,72,8,Very Positive,1250,144,1394,7620_1,1,2026-09-06T09:28:08+00:00
7670,BioShock™,game,False,USD,0,$19.99,$19.99,2007-08-21,25154,47,8,Very Positive,30245,1937,32182,7670_1,1,2026-09-06T09:30:03+00:00
7760,X-COM: UFO Defense,game,False,USD,0,$4.99,$4.99,2008-09-04,3202,48,9,Overwhelmingly Positive,3797,199,3996,7760_1,1,2026-09-06T09:31:36+00:00
7830,Men of War™,game,False,USD,0,$4.99,$4.99,2009-05-06,3315,28,8,Very Positive,3480,389,3869,7830_1,1,2026-09-06T09:37:37+00:00
7940,Call of Duty® 4: Modern Warfare® (2007),game,False,USD,50,$19.99,$9.99,2007-11-12,22062,315,8,Very Positive,25400,1716,27116,7940_1,1,2026-09-06T09:19:46+00:00
8000,Tomb Raider: Anniversary,game,False,USD,89,$8.99,$0.98,2007-06-05,6629,60,8,Very Positive,6050,1364,7414,8000_1,1,2026-09-06T09:31:40+00:00
8140,Tomb Raider: Underworld,game,False,USD,89,$8.99,$0.98,2008-11-21,6153,41,6,Mostly Positive,5282,1619,6901,8140_1,1,2026-09-06T09:33:39+00:00
8190,Just Cause 2,game,False,USD,0,$14.99,$14.99,2010-03-23,41012,97,8,Very Positive,46708,4878,51586,8190_1,1,2026-09-06T09:27:11+00:00
8500,EVE Online,game,True,,,,,2010-12-15,7799,4206,6,Mostly Positive,28933,10501,39434,8500_1,1,2026-09-06T09:14:27+00:00
8800,Civilization IV: Beyond the Sword,game,False,USD,80,$29.99,$5.99,2007-07-24,3875,1429,9,Overwhelmingly Positive,4879,191,5070,8800_1,1,2026-09-06T09:15:29+00:00
8850,BioShock® 2,game,False,USD,0,$19.99,$19.99,2010-02-09,11460,18,8,Very Positive,13279,1695,14974,8850_1,1,2026-09-06T09:35:49+00:00
8870,BioShock Infinite,game,False,USD,0,$29.99,$29.99,2013-03-25,109611,384,8,Very Positive,136084,9507,145591,8870_1,1,2026-09-06T09:19:24+00:00
8930,Sid Meier's Civilization® V,game,False,USD,75,$29.99,$7.49,2010-09-21,128090,13783,9,Overwhelmingly Positive,201418,9265,210683,8930_1,1,2026-09-06T09:13:29+00:00
9010,Return to Castle Wolfenstein,game,False,USD,0,$4.99,$4.99,2007-08-03,8003,68,8,Very Positive,8650,665,9315,9010_1,1,2026-09-06T09:31:42+00:00
9200,RAGE,game,False,USD,0,$9.99,$9.99,2011-10-03,12220,56,6,Mostly Positive,14242,4056,18298,9200_1,1,2026-09-06T09:33:09+00:00
9340,Company of Heroes: Opposing Fronts,game,False,USD,0,$19.99,$19.99,2007-09-24,818,19,8,Very Positive,1107,99,1206,9340_1,1,2026-09-06T09:40:38+00:00
9350,Supreme Commander,game,False,USD,0,$12.99,$12.99,2011-09-28,2317,43,8,Very Positive,2803,351,3154,9350_1,1,2026-09-06T09:30:20+00:00
9420,Supreme Commander: Forged Alliance,game,False,USD,0,$12.99,$12.99,2011-09-28,9902,670,9,Overwhelmingly Positive,13891,471,14362,9420_1,1,2026-09-06T09:16:33+00:00
9480,Saints Row 2,game,False,USD,75,$9.99,$2.49,2009-01-07,12806,141,6,Mostly Positive,16503,5252,21755,9480_1,1,2026-09-06T09:22:00+00:00
9880,Champions Online,game,True,,,,,2011-06-14,198,92,6,Mostly Positive,3093,1287,4380,9880_1,1,2026-09-06T09:24:55+00:00
9900,Star Trek Online,game,True,,,,,2012-01-31,947,954,6,Mostly Positive,16840,4452,21292,9900_1,1,2026-09-06T09:15:58+00:00
10090,Call of Duty: World at War,game,False,USD,25,$19.99,$14.99,2008-11-18,45706,350,8,Very Positive,49182,4069,53251,10090_1,1,2026-09-06T09:19:49+00:00
10150,Prototype™,game,False,USD,70,$19.99,$5.99,2009-06-10,12463,168,8,Very Positive,11414,2775,14189,10150_1,1,2026-09-06T09:25:08+00:00
10180,Call of Duty®: Modern Warfare® 2 (2009),game,False,USD,25,$19.99,$14.99,2009-11-11,35675,384,8,Very Positive,56877,4051,60928,10180_1,1,2026-09-06T09:19:34+00:00
10270,Disciples III: Reincarnation,game,False,USD,60,$9.99,$3.99,2014-02-14,1307,37,6,Mostly Positive,1342,517,1859,10270_1,1,2026-09-06T09:36:22+00:00
10500,Total War: EMPIRE – Definitive Edition,game,False,USD,0,$19.99,$19.99,2009-03-04,21283,2039,8,Very Positive,34524,3560,38084,10500_1,1,2026-09-06T09:14:57+00:00
10680,Aliens vs. Predator™,game,False,USD,0,$14.99,$14.99,2010-02-16,16210,124,8,Very Positive,19758,1853,21611,10680_1,1,2026-09-06T09:26:39+00:00
11020,TrackMania Nations Forever,game,True,,,,,2008-04-16,170,138,8,Very Positive,21999,2387,24386,11020_1,1,2026-09-06T09:24:04+00:00
11450,Overlord™,game,False,USD,0,$4.99,$4.99,2007-10-26,5004,39,8,Very Positive,6306,436,6742,11450_1,1,2026-09-06T09:34:14+00:00
12130,Manhunt,game,False,USD,0,$9.99,$9.99,2008-01-04,8083,34,6,Mostly Positive,6831,2751,9582,12130_1,1,2026-09-06T09:32:42+00:00
12140,Max Payne,game,False,USD,0,$9.99,$9.99,2011-01-06,12748,45,8,Very Positive,14074,1781,15855,12140_1,1,2026-09-06T09:28:28+00:00
12150,Max Payne 2: The Fall of Max Payne,game,False,USD,0,$9.99,$9.99,2008-01-04,12052,74,8,Very Positive,13840,832,14672,12150_1,1,2026-09-06T09:28:18+00:00
12200,Bully: Scholarship Edition,game,False,USD,0,$14.99,$14.99,2008-10-21,37415,212,8,Very Positive,35464,6526,41990,12200_1,1,2026-09-06T09:21:03+00:00
12210,Grand Theft Auto IV: The Complete Edition,game,False,USD,0,$19.99,$19.99,2020-03-24,179983,4351,8,Very Positive,169101,33869,202970,12210_1,1,2026-09-06T09:14:11+00:00
12320,Sacred Gold,game,False,USD,0,$9.99,$9.99,2008-07-09,3991,85,8,Very Positive,3943,677,4620,12320_1,1,2026-09-06T09:31:05+00:00
12360,FlatOut: Ultimate Carnage Collector's Edition,game,False,USD,75,$39.99,$9.99,2008-08-26,6728,54,8,Very Positive,6956,772,7728,12360_1,1,2026-09-06T09:31:31+00:00
12710,Overlord™: Raising Hell,game,False,USD,0,$9.99,$9.99,2008-02-28,1992,30,8,Very Positive,2417,182,2599,12710_1,1,2026-09-06T09:36:23+00:00
12810,Overlord II,game,False,USD,0,$9.99,$9.99,2009-06-23,3999,37,8,Very Positive,4429,550,4979,12810_1,1,2026-09-06T09:37:54+00:00
13500,Prince of Persia: Warrior Within™,game,False,USD,0,$9.99,$9.99,2008-11-21,3922,24,8,Very Positive,3430,705,4135,13500_1,1,2026-09-06T09:38:32+00:00
13520,Far Cry®,game,False,USD,0,$9.99,$9.99,2008-04-01,11003,67,8,Very Positive,9633,2144,11777,13520_1,1,2026-09-06T09:30:18+00:00
13560,Tom Clancy's Splinter Cell®,game,False,USD,0,$9.99,$9.99,2008-04-01,3833,20,8,Very Positive,3543,492,4035,13560_1,1,2026-09-06T09:40:09+00:00
13570,Tom Clancy's Splinter Cell Chaos Theory®,game,False,USD,0,$9.99,$9.99,2009-08-27,5381,18,8,Very Positive,5397,410,5807,13570_1,1,2026-09-06T09:37:38+00:00
13600,Prince of Persia®: The Sands of Time,game,False,USD,0,$9.99,$9.99,2008-11-21,5042,20,8,Very Positive,4523,763,5286,13600_1,1,2026-09-06T09:41:54+00:00
15100,Assassin's Creed™: Director's Cut Edition,game,False,USD,0,$19.99,$19.99,2008-04-09,23851,33,8,Very Positive,20450,4929,25379,15100_1,1,2026-09-06T09:36:12+00:00
15120,Tom Clancy's Rainbow Six® Vegas 2,game,False,USD,0,$9.99,$9.99,2008-04-16,5359,16,8,Very Positive,5188,918,6106,15120_1,1,2026-09-06T09:36:24+00:00
15170,Heroes of Might & Magic V,game,False,USD,0,$9.99,$9.99,2008-05-13,3977,219,8,Very Positive,3793,502,4295,15170_1,1,2026-09-06T09:22:53+00:00
15200,Silent Hunter®: Wolves of the Pacific,game,False,USD,0,$9.99,$9.99,2008-06-13,1118,17,5,Mixed,796,343,1139,15200_1,1,2026-09-06T09:41:55+00:00
15210,Silent Hunter® III,game,False,USD,0,$9.99,$9.99,2008-06-13,2544,45,8,Very Positive,2317,313,2630,15210_1,1,2026-09-06T09:33:52+00:00
15370,Heroes of Might & Magic V: Tribes of the East,game,False,USD,0,$9.99,$9.99,2008-10-10,3039,324,8,Very Positive,3026,244,3270,15370_1,1,2026-09-06T09:21:27+00:00
15380,Heroes of Might & Magic V: Hammers of Fate,game,False,USD,0,$9.99,$9.99,2008-10-10,393,37,8,Very Positive,361,53,414,15380_1,1,2026-09-06T09:39:19+00:00
15620,"Warhammer 40,000: Dawn of War II - Anniversary Edition (Classic)",game,False,USD,0,$49.99,$49.99,2009-02-18,8065,186,8,Very Positive,12215,1730,13945,15620_1,1,2026-09-06T09:23:29+00:00
16450,F.E.A.R. 2: Project Origin,game,False,USD,0,$14.99,$14.99,2009-02-12,5635,43,8,Very Positive,8050,1453,9503,16450_1,1,2026-09-06T09:36:02+00:00
16810,Sid Meier's Civilization IV: Colonization,game,False,USD,80,$29.99,$5.99,2008-09-23,1277,307,8,Very Positive,1365,209,1574,16810_1,1,2026-09-06T09:20:27+00:00
16900,GROUND BRANCH,game,False,USD,20,$29.99,$23.99,2026-07-16,22329,221,8,Very Positive,20926,4026,24952,16900_1,1,2026-09-06T09:21:38+00:00
17390,SPORE™,game,False,USD,0,$19.99,$19.99,2008-12-19,66788,487,8,Very Positive,67274,5366,72640,17390_1,1,2026-09-06T09:17:43+00:00
17410,Mirror's Edge™,game,False,USD,0,$19.99,$19.99,2009-01-14,31171,56,8,Very Positive,34492,4834,39326,17410_1,1,2026-09-06T09:35:36+00:00
17440,SPORE™ Creepy & Cute Parts Pack,game,False,USD,0,$19.99,$19.99,2008-12-19,2054,21,8,Very Positive,1963,232,2195,17440_1,1,2026-09-06T09:36:45+00:00
17460,Mass Effect (2007),game,False,USD,0,$29.99,$29.99,2008-12-19,14873,28,8,Very Positive,15521,1059,16580,17460_1,1,2026-09-06T09:39:20+00:00
17470,Dead Space (2008),game,False,USD,0,$19.99,$19.99,2009-01-09,22871,50,8,Very Positive,26826,2361,29187,17470_1,1,2026-09-06T09:29:44+00:00
17480,Command & Conquer™ Red Alert™ 3,game,False,,,,,2009-01-08,14589,577,8,Very Positive,13639,2354,15993,17480_1,1,2026-09-06T09:19:22+00:00
17740,Empires Mod,game,True,,,,,2008-07-28,,1,8,Very Positive,922,140,1062,17740_1,1,2026-09-06T09:40:11+00:00
18500,Defense Grid: The Awakening,game,False,USD,0,$9.99,$9.99,2008-12-08,4529,40,9,Overwhelmingly Positive,5162,210,5372,18500_1,1,2026-09-06T09:33:27+00:00
19680,Alice: Madness Returns,game,False,USD,0,$9.99,$9.99,2011-06-17,27694,214,8,Very Positive,27991,2855,30846,19680_1,1,2026-09-06T09:20:15+00:00
19830,Tom Clancy's Rainbow Six® 3 Gold,game,False,USD,0,$9.99,$9.99,2008-09-25,1918,20,8,Very Positive,1906,179,2085,19830_1,1,2026-09-06T09:41:57+00:00
19900,Far Cry® 2,game,False,USD,0,$9.99,$9.99,2008-10-22,17343,75,6,Mostly Positive,14190,4553,18743,19900_1,1,2026-09-06T09:29:29+00:00
20540,Company of Heroes: Tales of Valor,game,False,USD,0,$19.99,$19.99,2009-04-08,1639,48,8,Very Positive,2217,181,2398,20540_1,1,2026-09-06T09:35:05+00:00
20900,The Witcher: Enhanced Edition Director's Cut,game,False,USD,0,$9.99,$9.99,2008-09-19,82534,822,8,Very Positive,78225,9234,87459,20900_1,1,2026-09-06T09:16:42+00:00
20920,The Witcher 2: Assassins of Kings Enhanced Edition,game,False,USD,0,$19.99,$19.99,2012-04-16,81634,721,8,Very Positive,81252,9122,90374,20920_1,1,2026-09-06T09:17:15+00:00
21000,LEGO® Batman™: The Videogame,game,False,USD,0,$19.99,$19.99,2008-09-29,12811,117,8,Very Positive,14730,1736,16466,21000_1,1,2026-09-06T09:22:33+00:00
21090,F.E.A.R.,game,False,USD,0,$9.99,$9.99,2010-05-21,13995,41,8,Very Positive,18285,1239,19524,21090_1,1,2026-09-06T09:30:19+00:00
21130,LEGO® Harry Potter: Years 1-4,game,False,USD,0,$19.99,$19.99,2010-06-25,6452,89,8,Very Positive,8277,1240,9517,21130_1,1,2026-09-06T09:26:55+00:00
21690,Resident Evil 5,game,False,USD,0,$19.99,$19.99,2009-09-15,48273,713,8,Very Positive,58692,8787,67479,21690_1,1,2026-09-06T09:16:11+00:00
21970,R.U.S.E.™,game,False,USD,0,$29.99,$29.99,2010-09-09,2489,196,9,Overwhelmingly Positive,4379,200,4579,21970_1,1,2026-09-06T09:21:25+00:00
22100,Mount & Blade,game,False,USD,0,$9.99,$9.99,2008-11-03,5318,83,8,Very Positive,6186,535,6721,22100_1,1,2026-09-06T09:33:53+00:00
22130,Hearts of Iron 2 Complete,game,False,USD,0,$14.99,$14.99,2009-01-23,593,63,8,Very Positive,578,88,666,22130_1,1,2026-09-06T09:30:06+00:00
22300,Fallout 3,game,False,USD,0,$9.99,$9.99,2008-10-28,18068,32,8,Very Positive,18073,4106,22179,22300_1,1,2026-09-06T09:33:28+00:00
22320,The Elder Scrolls III: Morrowind® Game of the Year Edition,game,False,USD,0,$14.99,$14.99,2009-06-16,22290,325,9,Overwhelmingly Positive,27248,1364,28612,22320_1,1,2026-09-06T09:18:50+00:00
22330,The Elder Scrolls IV: Oblivion® Game of the Year Edition (2009),game,False,USD,0,$14.99,$14.99,2009-06-16,42914,418,9,Overwhelmingly Positive,50370,2646,53016,22330_1,1,2026-09-06T09:18:20+00:00
22370,Fallout 3: Game of the Year Edition,game,False,USD,0,$19.99,$19.99,2009-12-17,43985,206,8,Very Positive,45857,10304,56161,22370_1,1,2026-09-06T09:20:57+00:00
22380,Fallout: New Vegas,game,False,USD,0,$9.99,$9.99,2010-10-19,211513,2569,9,Overwhelmingly Positive,250902,10506,261408,22380_1,1,2026-09-06T09:14:26+00:00
22600,Worms Reloaded,game,False,USD,80,$19.99,$3.99,2010-08-26,3372,22,8,Very Positive,4448,649,5097,22600_1,1,2026-09-06T09:37:39+00:00
24010,Train Simulator Classic,game,False,USD,0,$29.99,$29.99,2015-09-17,19444,704,6,Mostly Positive,21101,8321,29422,24010_1,1,2026-09-06T09:17:48+00:00
24200,DC Universe™ Online,game,True,,,,,2011-11-02,215,351,8,Very Positive,17715,4256,21971,24200_1,1,2026-09-06T09:18:19+00:00
24240,PAYDAY™ The Heist,game,False,USD,67,$9.99,$3.29,2011-10-20,21860,41,8,Very Positive,38246,2733,40979,24240_1,1,2026-09-06T09:30:30+00:00
24720,SPORE™ Galactic Adventures,game,False,USD,0,$19.99,$19.99,2009-06-23,7244,142,8,Very Positive,6951,821,7772,24720_1,1,2026-09-06T09:25:02+00:00
24780,SimCity™ 4 Deluxe Edition,game,False,USD,0,$19.99,$19.99,2010-07-20,8479,261,8,Very Positive,8094,1751,9845,24780_1,1,2026-09-06T09:20:14+00:00
24790,Command & Conquer 3 Tiberium Wars™,game,False,,,,,2009-11-13,8767,403,8,Very Positive,8393,952,9345,24790_1,1,2026-09-06T09:20:35+00:00
24800,Command & Conquer: Red Alert 3 - Uprising,game,False,,,,,2009-10-06,4564,454,8,Very Positive,4865,996,5861,24800_1,1,2026-09-06T09:21:57+00:00
24810,Command & Conquer™ 3: Kane’s Wrath,game,False,,,,,2009-11-13,5491,436,8,Very Positive,5490,380,5870,24810_1,1,2026-09-06T09:19:14+00:00
24880,The Saboteur™,game,False,USD,0,$9.99,$9.99,2024-03-07,2771,49,8,Very Positive,2651,268,2919,24880_1,1,2026-09-06T09:34:25+00:00
25000,Overgrowth,game,False,USD,0,$19.99,$19.99,2017-10-16,6264,20,8,Very Positive,7384,1700,9084,25000_1,1,2026-09-06T09:37:14+00:00
25800,Europa Universalis III Complete,game,False,USD,0,$14.99,$14.99,2009-02-04,1373,59,8,Very Positive,1667,334,2001,25800_1,1,2026-09-06T09:32:49+00:00
25830,Knights of Honor,game,False,USD,0,$9.99,$9.99,2009-02-04,2154,28,8,Very Positive,2213,178,2391,25830_1,1,2026-09-06T09:39:22+00:00
25890,Hearts of Iron III,game,False,USD,0,$9.99,$9.99,2009-08-07,4961,67,6,Mostly Positive,4625,1457,6082,25890_1,1,2026-09-06T09:31:54+00:00
25900,King's Bounty: The Legend,game,False,USD,0,$6.99,$6.99,2009-05-01,3253,250,8,Very Positive,3644,380,4024,25900_1,1,2026-09-06T09:24:11+00:00
25980,Majesty 2,game,False,USD,75,$9.99,$2.49,2009-09-17,1164,21,5,Mixed,894,404,1298,25980_1,1,2026-09-06T09:40:39+00:00
28000,Kane & Lynch 2: Dog Days,game,False,USD,0,$9.99,$9.99,2010-08-17,6801,11,5,Mixed,6561,3208,9769,28000_1,1,2026-09-06T09:40:41+00:00
29720,Guild Wars® Reforged,game,False,USD,0,$19.99,$19.99,2025-12-03,3247,404,8,Very Positive,3006,440,3446,29720_1,1,2026-09-06T09:18:08+00:00
32330,LEGO® Indiana Jones™: The Original Adventures,game,False,USD,0,$19.99,$19.99,2009-07-08,2991,31,8,Very Positive,3886,530,4416,32330_1,1,2026-09-06T09:34:52+00:00
32360,The Secret of Monkey Island: Special Edition,game,False,USD,0,$9.99,$9.99,2009-07-15,5329,34,9,Overwhelmingly Positive,5935,293,6228,32360_1,1,2026-09-06T09:35:37+00:00
32370,STAR WARS™ Knights of the Old Republic™,game,False,USD,0,$9.99,$9.99,2009-09-05,28494,190,8,Very Positive,30914,3030,33944,32370_1,1,2026-09-06T09:22:01+00:00
32430,STAR WARS™ - The Force Unleashed™ Ultimate Sith Edition,game,False,USD,0,$19.99,$19.99,2009-12-15,8719,32,6,Mostly Positive,9311,2932,12243,32430_1,1,2026-09-06T09:34:26+00:00
32440,LEGO® Star Wars™ - The Complete Saga,game,False,USD,0,$19.99,$19.99,2009-11-12,20744,125,9,Overwhelmingly Positive,24647,837,25484,32440_1,1,2026-09-06T09:22:24+00:00
32460,Monkey Island™ 2 Special Edition: LeChuck’s Revenge™,game,False,USD,0,$9.99,$9.99,2010-07-07,2608,16,9,Overwhelmingly Positive,2860,148,3008,32460_1,1,2026-09-06T09:41:28+00:00
32470,STAR WARS™ Empire at War - Gold Pack,game,False,USD,0,$19.99,$19.99,2010-05-25,36094,1200,9,Overwhelmingly Positive,42142,978,43120,32470_1,1,2026-09-06T09:15:37+00:00
32510,LEGO® Star Wars™ III - The Clone Wars™,game,False,USD,0,$19.99,$19.99,2011-03-22,7178,59,8,Very Positive,8806,484,9290,32510_1,1,2026-09-06T09:29:14+00:00
33230,Assassin's Creed 2,game,False,USD,0,$19.99,$19.99,2010-03-09,57583,329,8,Very Positive,54921,6456,61377,33230_1,1,2026-09-06T09:21:10+00:00
33520,Tropico Reloaded,game,False,USD,75,$6.99,$1.74,2009-07-26,815,16,8,Very Positive,869,122,991,33520_1,1,2026-09-06T09:40:42+00:00
33570,Patrician III,game,False,USD,50,$4.99,$2.49,2010-11-18,887,58,8,Very Positive,832,185,1017,33570_1,1,2026-09-06T09:32:07+00:00
33930,Arma 2: Operation Arrowhead,game,False,USD,80,$19.99,$3.99,2010-06-29,16196,151,8,Very Positive,20560,1685,22245,33930_1,1,2026-09-06T09:25:20+00:00
34030,Total War: NAPOLEON – Definitive Edition,game,False,USD,0,$19.99,$19.99,2010-02-25,17973,1035,8,Very Positive,25277,2300,27577,34030_1,1,2026-09-06T09:16:09+00:00
34830,Sniper: Ghost Warrior,game,False,USD,0,$7.99,$7.99,2010-06-24,5718,20,5,Mixed,5147,3656,8803,34830_1,1,2026-09-06T09:39:23+00:00
34870,Sniper: Ghost Warrior 2,game,False,USD,0,$9.99,$9.99,2013-03-11,13690,53,6,Mostly Positive,14238,4533,18771,34870_1,1,2026-09-06T09:35:12+00:00
35030,Championship Manager 2010,game,False,EUR,0,"1,04€","1,04€",2009-10-05,173,49,8,Very Positive,146,36,182,35030_1,1,2026-09-06T09:34:00+00:00
35140,Batman: Arkham Asylum Game of the Year Edition,game,False,USD,0,$19.99,$19.99,2010-03-26,61923,506,9,Overwhelmingly Positive,84199,3179,87378,35140_1,1,2026-09-06T09:17:24+00:00
35450,Red Orchestra 2: Heroes of Stalingrad with Rising Storm,game,False,USD,0,$19.99,$19.99,2011-09-13,24973,81,8,Very Positive,35303,2822,38125,35450_1,1,2026-09-06T09:26:53+00:00
35700,Trine Enchanted Edition,game,False,USD,80,$14.99,$2.99,2009-07-02,12836,37,9,Overwhelmingly Positive,15244,701,15945,35700_1,1,2026-09-06T09:32:28+00:00
35720,Trine 2: Complete Story,game,False,USD,80,$19.99,$3.99,2013-06-06,15270,41,9,Overwhelmingly Positive,21000,1045,22045,35720_1,1,2026-09-06T09:34:01+00:00
38400,Fallout: A Post Nuclear Role Playing Game,game,False,USD,0,$9.99,$9.99,2015-11-01,16683,102,8,Very Positive,23740,1449,25189,38400_1,1,2026-09-06T09:25:46+00:00
38410,Fallout 2: A Post Nuclear Role Playing Game,game,False,USD,0,$9.99,$9.99,2009-08-19,13853,134,8,Very Positive,16401,1069,17470,38410_1,1,2026-09-06T09:24:27+00:00
38420,Fallout Tactics: Brotherhood of Steel,game,False,USD,0,$9.99,$9.99,2009-08-19,2353,25,6,Mostly Positive,2320,624,2944,38420_1,1,2026-09-06T09:36:46+00:00
39120,RIFT,game,True,,,,,2011-03-01,1000,188,6,Mostly Positive,8618,3019,11637,39120_1,1,2026-09-06T09:23:50+00:00
39150,FINAL FANTASY VIII,game,False,USD,0,$11.99,$11.99,2013-12-05,7868,81,8,Very Positive,8379,1124,9503,39150_1,1,2026-09-06T09:27:26+00:00
39190,Dungeon Siege,game,False,USD,0,$6.99,$6.99,2011-04-05,3836,51,8,Very Positive,3493,767,4260,39190_1,1,2026-09-06T09:33:54+00:00
39200,Dungeon Siege II,game,False,USD,0,$6.99,$6.99,2005-08-16,2641,60,6,Mostly Positive,2235,676,2911,39200_1,1,2026-09-06T09:33:40+00:00
39210,FINAL FANTASY XIV Online,game,False,USD,0,$19.99,$19.99,2014-02-18,78556,15205,8,Very Positive,74098,11542,85640,39210_1,1,2026-09-06T09:13:22+00:00
39500,Gothic® 3,game,False,USD,0,$19.99,$19.99,2009-12-02,9068,272,8,Very Positive,10100,2285,12385,39500_1,1,2026-09-06T09:22:47+00:00
39510,Gothic II: Gold Edition,game,False,USD,0,$19.99,$19.99,2005-11-29,12623,721,8,Very Positive,16795,1101,17896,39510_1,1,2026-09-06T09:17:58+00:00
39540,SpellForce - Platinum Edition,game,False,USD,0,$9.99,$9.99,2009-11-03,2403,180,8,Very Positive,2570,347,2917,39540_1,1,2026-09-06T09:24:22+00:00
39550,SpellForce 2 - Anniversary Edition,game,False,USD,0,$14.99,$14.99,2009-10-29,1045,43,6,Mostly Positive,1023,336,1359,39550_1,1,2026-09-06T09:38:12+00:00
39680,The Guild II Renaissance,game,False,USD,0,$9.99,$9.99,2010-07-28,3531,89,8,Very Positive,3516,694,4210,39680_1,1,2026-09-06T09:29:46+00:00
40100,Supreme Commander 2,game,False,USD,0,$12.99,$12.99,2010-03-01,8345,175,8,Very Positive,11440,1531,12971,40100_1,1,2026-09-06T09:23:33+00:00
40300,Risen,game,False,USD,0,$14.99,$14.99,2009-10-02,7868,122,8,Very Positive,9615,1211,10826,40300_1,1,2026-09-06T09:27:43+00:00
40390,Risen 2: Dark Waters,game,False,USD,0,$9.99,$9.99,2012-04-26,3526,70,6,Mostly Positive,5406,1388,6794,40390_1,1,2026-09-06T09:37:15+00:00
40700,Machinarium,game,False,USD,80,$19.99,$3.99,2009-10-16,17538,147,9,Overwhelmingly Positive,19756,971,20727,40700_1,1,2026-09-06T09:28:50+00:00
40800,Super Meat Boy,game,False,USD,0,$14.99,$14.99,2010-11-30,29984,70,8,Very Positive,36834,2291,39125,40800_1,1,2026-09-06T09:27:30+00:00
40950,Stronghold HD (2012),game,False,USD,0,$5.99,$5.99,2013-10-21,8648,139,9,Overwhelmingly Positive,9974,467,10441,40950_1,1,2026-09-06T09:27:16+00:00
40960,Stronghold 2: Steam Edition,game,False,USD,0,$14.99,$14.99,2017-10-05,4879,186,8,Very Positive,5121,644,5765,40960_1,1,2026-09-06T09:23:20+00:00
40970,Stronghold Crusader HD (2012),game,False,USD,0,$9.99,$9.99,2013-10-21,17542,661,9,Overwhelmingly Positive,20541,530,21071,40970_1,1,2026-09-06T09:18:33+00:00
40980,Stronghold Legends: Steam Edition,game,False,USD,0,$14.99,$14.99,2016-09-15,2292,90,8,Very Positive,2391,337,2728,40980_1,1,2026-09-06T09:30:51+00:00
40990,Mafia,game,False,USD,0,$14.99,$14.99,2003-09-12,8878,89,8,Very Positive,14276,2041,16317,40990_1,1,2026-09-06T09:28:29+00:00
41000,Serious Sam HD: The First Encounter,game,False,USD,90,$14.99,$1.49,2009-11-24,7310,91,8,Very Positive,8342,626,8968,41000_1,1,2026-09-06T09:29:47+00:00
41050,Serious Sam Classic: The First Encounter,game,False,USD,85,$5.99,$0.89,2019-08-30,3045,20,9,Overwhelmingly Positive,3326,147,3473,41050_1,1,2026-09-06T09:36:47+00:00
41060,Serious Sam Classic: The Second Encounter,game,False,USD,85,$5.99,$0.89,2019-08-30,1781,23,9,Overwhelmingly Positive,1982,81,2063,41060_1,1,2026-09-06T09:38:59+00:00
41070,Serious Sam 3: BFE,game,False,USD,90,$29.99,$2.99,2011-11-22,21796,159,8,Very Positive,25292,3388,28680,41070_1,1,2026-09-06T09:24:42+00:00
41500,Torchlight,game,False,USD,0,$14.99,$14.99,2009-10-27,5458,35,8,Very Positive,6668,699,7367,41500_1,1,2026-09-06T09:34:53+00:00
42680,Call of Duty®: Modern Warfare® 3 (2011),game,False,USD,60,$39.99,$15.99,2011-11-08,15508,328,8,Very Positive,35375,4368,39743,42680_1,1,2026-09-06T09:20:24+00:00
42700,Call of Duty®: Black Ops,game,False,USD,50,$39.99,$19.99,2010-11-09,22164,452,8,Very Positive,39234,3910,43144,42700_1,1,2026-09-06T09:17:52+00:00
42890,Sword of the Stars: Complete Collection,game,False,USD,0,$9.99,$9.99,2010-06-04,587,18,8,Very Positive,623,86,709,42890_1,1,2026-09-06T09:41:58+00:00
42910,Magicka,game,False,USD,0,$9.99,$9.99,2011-01-25,19162,17,8,Very Positive,27356,4725,32081,42910_1,1,2026-09-06T09:37:56+00:00
42960,Victoria II,game,False,USD,0,$19.99,$19.99,2010-08-30,16494,255,8,Very Positive,18450,1570,20020,42960_1,1,2026-09-06T09:19:09+00:00
45740,Dead Rising® 2,game,False,USD,0,$19.99,$19.99,2010-09-27,6212,30,6,Mostly Positive,6895,1946,8841,45740_1,1,2026-09-06T09:32:43+00:00
45760,Ultra Street Fighter® IV,game,False,USD,87,$29.99,$3.89,2014-08-07,11038,142,8,Very Positive,15403,1610,17013,45760_1,1,2026-09-06T09:22:48+00:00
45770,Dead Rising 2: Off the Record,game,False,USD,0,$19.99,$19.99,2011-10-11,2726,12,6,Mostly Positive,3276,992,4268,45770_1,1,2026-09-06T09:40:12+00:00
47410,Stronghold Kingdoms,game,True,,,,,2012-02-27,277,389,5,Mixed,6095,3482,9577,47410_1,1,2026-09-06T09:20:30+00:00
47780,Dead Space™ 2,game,False,USD,0,$19.99,$19.99,2011-01-25,25820,128,8,Very Positive,28000,1800,29800,47780_1,1,2026-09-06T09:24:13+00:00
47790,Medal of Honor™,game,False,USD,0,$19.99,$19.99,2010-10-12,7007,30,6,Mostly Positive,8601,2592,11193,47790_1,1,2026-09-06T09:36:13+00:00
47810,Dragon Age: Origins - Ultimate Edition,game,False,USD,0,$29.99,$29.99,2010-10-26,28667,337,8,Very Positive,26857,4512,31369,47810_1,1,2026-09-06T09:19:06+00:00
47890,The Sims™ 3,game,False,USD,0,$19.99,$19.99,2011-01-27,31057,976,8,Very Positive,29616,4737,34353,47890_1,1,2026-09-06T09:16:08+00:00
48000,LIMBO,game,False,USD,0,$12.49,$12.49,2011-08-02,40631,77,8,Very Positive,57228,4832,62060,48000_1,1,2026-09-06T09:33:41+00:00
48190,Assassin’s Creed® Brotherhood,game,False,USD,0,$19.99,$19.99,2011-03-22,24924,253,8,Very Positive,23567,3131,26698,48190_1,1,2026-09-06T09:23:15+00:00
48220,Might & Magic: Heroes VI,game,False,USD,0,$9.99,$9.99,2011-10-13,8537,179,5,Mixed,4444,4816,9260,48220_1,1,2026-09-06T09:27:00+00:00
48240,Anno 2070™,game,False,USD,0,$19.99,$19.99,2011-11-17,11566,69,5,Mixed,7669,5034,12703,48240_1,1,2026-09-06T09:32:29+00:00
48700,Mount & Blade: Warband,game,False,USD,0,$19.99,$19.99,2010-03-31,135385,4179,9,Overwhelmingly Positive,168142,3930,172072,48700_1,1,2026-09-06T09:15:03+00:00
48720,Mount & Blade: With Fire & Sword,game,False,USD,0,$9.99,$9.99,2011-05-03,11207,153,8,Very Positive,12334,1709,14043,48720_1,1,2026-09-06T09:27:47+00:00
49520,Borderlands 2,game,False,USD,0,$19.99,$19.99,2012-09-17,215407,1930,8,Very Positive,279536,32705,312241,49520_1,1,2026-09-06T09:14:46+00:00
49540,Aliens: Colonial Marines Collection,game,False,USD,0,$29.99,$29.99,2012-05-01,7813,52,5,Mixed,7582,4634,12216,49540_1,1,2026-09-06T09:33:10+00:00
50130,Mafia II (Classic),game,False,USD,0,$29.99,$29.99,2011-03-22,36367,270,8,Very Positive,55032,3658,58690,50130_1,1,2026-09-06T09:22:44+00:00
55140,MX vs. ATV Reflex,game,False,USD,0,$19.99,$19.99,2010-11-26,2900,20,8,Very Positive,3569,469,4038,55140_1,1,2026-09-06T09:38:42+00:00
55150,"Warhammer 40,000: Space Marine - Anniversary Edition",game,False,USD,0,$39.99,$39.99,2011-09-05,18412,108,8,Very Positive,30685,2783,33468,55150_1,1,2026-09-06T09:26:27+00:00
55230,Saints Row: The Third,game,False,USD,75,$9.99,$2.49,2011-11-14,48851,282,9,Overwhelmingly Positive,66624,3063,69687,55230_1,1,2026-09-06T09:20:19+00:00
57300,Amnesia: The Dark Descent,game,False,USD,0,$19.99,$19.99,2010-09-08,20390,62,8,Very Positive,33780,1930,35710,57300_1,1,2026-09-06T09:29:21+00:00
57620,Patrician IV,game,False,USD,75,$14.99,$3.74,2010-09-17,582,42,5,Mixed,434,338,772,57620_1,1,2026-09-06T09:37:06+00:00
57690,Tropico 4,game,False,USD,70,$14.99,$4.49,2011-09-01,8207,113,8,Very Positive,11688,1059,12747,57690_1,1,2026-09-06T09:26:13+00:00
57740,Jagged Alliance - Back in Action,game,False,USD,0,$19.99,$19.99,2012-02-08,1031,34,6,Mostly Positive,1289,481,1770,57740_1,1,2026-09-06T09:38:43+00:00
57900,Duke Nukem Forever,game,False,USD,0,$19.99,$19.99,2011-06-13,6334,33,5,Mixed,8060,3564,11624,57900_1,1,2026-09-06T09:39:24+00:00
61520,Age of Wonders Shadow Magic,game,False,USD,0,$9.99,$9.99,2010-10-12,543,17,8,Very Positive,586,66,652,61520_1,1,2026-09-06T09:41:59+00:00
63380,Sniper Elite V2,game,False,,,,,,6251,25,8,Very Positive,22481,2986,25467,63380_1,1,2026-09-06T09:39:47+00:00
63910,King's Bounty: Crossworlds,game,False,USD,0,$14.99,$14.99,2010-09-17,1369,149,8,Very Positive,1515,137,1652,63910_1,1,2026-09-06T09:28:51+00:00
64000,Men of War: Assault Squad,game,False,USD,0,$9.99,$9.99,2011-02-24,4030,37,8,Very Positive,4523,655,5178,64000_1,1,2026-09-06T09:33:03+00:00
65540,Gothic 1,game,False,USD,0,$19.99,$19.99,2003-09-12,13156,159,8,Very Positive,16952,1367,18319,65540_1,1,2026-09-06T09:26:05+00:00
65790,Arma: Cold War Assault Remastered,game,False,USD,50,$9.99,$4.99,2011-08-08,2401,49,8,Very Positive,5177,1272,6449,65790_1,1,2026-09-06T09:33:16+00:00
65800,Dungeon Defenders,game,False,USD,0,$14.99,$14.99,2011-10-18,12139,208,8,Very Positive,17679,1313,18992,65800_1,1,2026-09-06T09:21:23+00:00
65980,Sid Meier's Civilization®: Beyond Earth™,game,False,USD,75,$39.99,$9.99,2014-10-23,14032,385,5,Mixed,14030,9123,23153,65980_1,1,2026-09-06T09:19:38+00:00
67370,The Darkness II,game,False,USD,90,$29.99,$2.99,2012-02-09,8158,59,8,Very Positive,19299,1774,21073,67370_1,1,2026-09-06T09:30:52+00:00
70600,Worms Ultimate Mayhem,game,False,USD,0,$14.99,$14.99,2011-09-28,4301,32,8,Very Positive,5544,712,6256,70600_1,1,2026-09-06T09:34:54+00:00
71250,Sonic Adventure DX,game,False,USD,0,$7.99,$7.99,2011-03-04,15657,80,8,Very Positive,17202,1569,18771,71250_1,1,2026-09-06T09:26:57+00:00
71340,Sonic Generations Collection,game,False,,,,,2011-11-03,20299,27,8,Very Positive,23872,1635,25507,71340_1,1,2026-09-06T09:34:56+00:00
73170,Darkest Hour: A Hearts of Iron Game,game,False,USD,0,$9.99,$9.99,2011-04-08,1721,107,8,Very Positive,1885,214,2099,73170_1,1,2026-09-06T09:27:55+00:00
78000,Bejeweled® 3,game,False,USD,0,$4.99,$4.99,2010-12-07,6088,332,9,Overwhelmingly Positive,7803,331,8134,78000_1,1,2026-09-06T09:20:36+00:00
98800,Dungeons of Dredmor,game,False,USD,0,$7.99,$7.99,2011-07-13,3697,15,8,Very Positive,5098,336,5434,98800_1,1,2026-09-06T09:37:57+00:00
99900,Spiral Knights,game,True,,,,,2011-06-14,181,214,8,Very Positive,20298,3921,24219,99900_1,1,2026-09-06T09:22:16+00:00
99910,Puzzle Pirates,game,True,,,,,2011-08-31,,150,6,Mostly Positive,1812,454,2266,99910_1,1,2026-09-06T09:22:22+00:00
102500,Kingdoms of Amalur: Reckoning™,game,False,,,,,,11906,25,8,Very Positive,11436,1575,13011,102500_1,1,2026-09-06T09:39:00+00:00
102600,Orcs Must Die!,game,False,USD,0,$9.99,$9.99,2011-10-11,6661,17,9,Overwhelmingly Positive,8166,354,8520,102600_1,1,2026-09-06T09:39:25+00:00
105600,Terraria,game,False,USD,50,$9.99,$4.99,2011-05-16,1237846,55558,9,Overwhelmingly Positive,1511697,40733,1552430,105600_1,1,2026-09-06T09:13:08+00:00
107100,Bastion,game,False,USD,0,$14.99,$14.99,2011-08-16,28214,22,9,Overwhelmingly Positive,36378,1806,38184,107100_1,1,2026-09-06T09:39:26+00:00
107410,Arma 3,game,False,USD,0,$29.99,$29.99,2013-09-12,230810,6100,8,Very Positive,266802,28272,295074,107410_1,1,2026-09-06T09:13:51+00:00
108600,Project Zomboid,game,False,USD,33,$24.99,$16.74,2013-11-08,362637,63350,8,Very Positive,449216,29771,478987,108600_1,1,2026-09-06T09:12:58+00:00
108710,Alan Wake,game,False,USD,90,$14.99,$1.49,2012-02-16,45357,622,8,Very Positive,53456,6002,59458,108710_1,1,2026-09-06T09:17:41+00:00
108800,Crysis 2 - Maximum Edition,game,False,USD,0,$29.99,$29.99,2011-03-22,9347,27,8,Very Positive,11839,2033,13872,108800_1,1,2026-09-06T09:39:48+00:00
109600,Neverwinter,game,True,,,,,2013-12-05,295,700,6,Mostly Positive,30708,8950,39658,109600_1,1,2026-09-06T09:17:12+00:00
110800,L.A. Noire,game,False,USD,0,$19.99,$19.99,2011-11-08,31045,179,8,Very Positive,31634,5213,36847,110800_1,1,2026-09-06T09:22:11+00:00
113200,The Binding of Isaac,game,False,USD,0,$4.99,$4.99,2011-09-28,49179,195,8,Very Positive,59472,3384,62856,113200_1,1,2026-09-06T09:23:09+00:00
113400,APB Reloaded,game,True,,,,,2011-12-06,348,135,5,Mixed,23783,13759,37542,113400_1,1,2026-09-06T09:24:24+00:00
115320,Prototype 2,game,False,USD,70,$39.99,$11.99,2012-07-24,10368,122,6,Mostly Positive,12162,3678,15840,115320_1,1,2026-09-06T09:26:14+00:00
200170,Worms Revolution,game,False,USD,80,$14.99,$2.99,2012-10-10,5659,32,8,Very Positive,7948,1160,9108,200170_1,1,2026-09-06T09:29:55+00:00
200210,Realm of the Mad God Exalt,game,True,,,,,2012-02-20,193,1313,8,Very Positive,39493,8207,47700,200210_1,1,2026-09-06T09:15:28+00:00
200260,Batman: Arkham City - Game of the Year Edition,game,False,USD,0,$19.99,$19.99,2012-09-07,55810,725,9,Overwhelmingly Positive,75112,2977,78089,200260_1,1,2026-09-06T09:16:34+00:00
200510,XCOM: Enemy Unknown,game,False,USD,0,$14.99,$14.99,2012-10-08,40311,651,8,Very Positive,54651,3983,58634,200510_1,1,2026-09-06T09:17:00+00:00
200710,Torchlight II,game,False,USD,0,$19.99,$19.99,2012-09-20,33068,285,8,Very Positive,42152,3364,45516,200710_1,1,2026-09-06T09:23:51+00:00
200900,Cave Story+,game,False,USD,0,$14.99,$14.99,2011-11-22,5211,13,8,Very Positive,7712,601,8313,200900_1,1,2026-09-06T09:39:49+00:00
201210,Pox Nora,game,True,,,,,2014-10-15,,35,6,Mostly Positive,693,210,903,201210_1,1,2026-09-06T09:36:26+00:00
201230,EverQuest II,game,True,,,,,2011-12-07,,123,6,Mostly Positive,2325,614,2939,201230_1,1,2026-09-06T09:22:36+00:00
201790,Orcs Must Die! 2,game,False,USD,0,$14.99,$14.99,2012-07-30,12917,33,8,Very Positive,18109,1518,19627,201790_1,1,2026-09-06T09:32:21+00:00
201810,Wolfenstein: The New Order,game,False,USD,0,$19.99,$19.99,2014-05-19,46387,376,8,Very Positive,57112,5155,62267,201810_1,1,2026-09-06T09:19:59+00:00
201870,Assassin's Creed® Revelations,game,False,USD,0,$19.99,$19.99,2011-11-29,19228,147,8,Very Positive,17515,3277,20792,201870_1,1,2026-09-06T09:26:24+00:00
202170,Sleeping Dogs,game,False,,,,,,10241,20,8,Very Positive,16303,967,17270,202170_1,1,2026-09-06T09:40:43+00:00
202200,Galactic Civilizations® II: Ultimate Edition,game,False,USD,0,$9.99,$9.99,2011-12-02,955,11,6,Mostly Positive,1318,395,1713,202200_1,1,2026-09-06T09:38:44+00:00
202750,Alan Wake's American Nightmare,game,False,USD,90,$8.99,$0.89,2012-05-22,8308,61,6,Mostly Positive,8035,2758,10793,202750_1,1,2026-09-06T09:32:55+00:00
202970,Call of Duty®: Black Ops II,game,False,USD,50,$39.99,$19.99,2012-11-12,23248,154,8,Very Positive,42549,6830,49379,202970_1,1,2026-09-06T09:22:34+00:00
203140,Hitman: Absolution™,game,False,USD,0,$19.99,$19.99,2012-11-19,49567,404,8,Very Positive,59224,4329,63553,203140_1,1,2026-09-06T09:20:41+00:00
203160,Tomb Raider Game of the Year,game,False,USD,85,$19.99,$2.99,2013-03-04,172862,2233,9,Overwhelmingly Positive,259088,10729,269817,203160_1,1,2026-09-06T09:15:56+00:00
203290,America's Army: Proving Grounds,game,True,,,,,2013-08-29,126,43,6,Mostly Positive,8715,2341,11056,203290_1,1,2026-09-06T09:25:21+00:00
203350,King's Bounty: Warriors of the North,game,False,USD,0,$9.99,$9.99,2012-10-25,1294,124,6,Mostly Positive,1635,424,2059,203350_1,1,2026-09-06T09:30:44+00:00
203630,Warlock - Master of the Arcane,game,False,USD,75,$24.99,$6.24,2012-05-08,1001,35,8,Very Positive,2274,365,2639,203630_1,1,2026-09-06T09:36:15+00:00
203770,Crusader Kings II,game,True,,,,,2012-02-14,30870,1165,8,Very Positive,66925,6996,73921,203770_1,1,2026-09-06T09:15:50+00:00
203830,The Dark Eye: Chains of Satinav,game,False,USD,90,$19.99,$1.99,2012-06-22,2077,101,8,Very Positive,2226,336,2562,203830_1,1,2026-09-06T09:21:04+00:00
204030,Fable - The Lost Chapters,game,False,USD,0,$9.99,$9.99,2011-12-19,7447,61,8,Very Positive,7632,647,8279,204030_1,1,2026-09-06T09:33:12+00:00
204100,Max Payne 3,game,False,USD,0,$19.99,$19.99,2012-05-31,54967,354,8,Very Positive,55868,8341,64209,204100_1,1,2026-09-06T09:18:45+00:00
204120,LEGO® Harry Potter: Years 5-7,game,False,USD,0,$19.99,$19.99,2012-01-05,2229,52,8,Very Positive,2978,363,3341,204120_1,1,2026-09-06T09:33:13+00:00
204300,Awesomenauts,game,False,USD,0,$19.99,$19.99,2012-08-01,11825,28,8,Very Positive,22702,4153,26855,204300_1,1,2026-09-06T09:31:56+00:00
204340,Serious Sam II,game,False,USD,90,$9.99,$0.99,2012-01-31,11903,192,8,Very Positive,12796,1433,14229,204340_1,1,2026-09-06T09:25:00+00:00
204360,Castle Crashers®,game,False,USD,70,$14.99,$4.49,2012-09-26,109442,744,9,Overwhelmingly Positive,135141,5375,140516,204360_1,1,2026-09-06T09:16:14+00:00
204450,Call of Juarez: Gunslinger,game,False,USD,80,$14.99,$2.99,2013-05-22,20826,88,8,Very Positive,42010,2234,44244,204450_1,1,2026-09-06T09:29:08+00:00
204880,Sins of a Solar Empire®: Rebellion,game,False,USD,0,$19.99,$19.99,2012-06-12,10239,241,8,Very Positive,15229,1115,16344,204880_1,1,2026-09-06T09:20:47+00:00
205100,Dishonored,game,False,USD,0,$9.99,$9.99,2012-10-08,67365,505,9,Overwhelmingly Positive,86072,2090,88162,205100_1,1,2026-09-06T09:17:34+00:00
205610,Port Royale 3,game,False,USD,80,$14.99,$2.99,2012-05-04,1204,63,6,Mostly Positive,1171,420,1591,205610_1,1,2026-09-06T09:33:55+00:00
205710,EverQuest,game,True,,,,,2012-12-13,,167,6,Mostly Positive,2134,571,2705,205710_1,1,2026-09-06T09:21:49+00:00
206420,Saints Row IV: Re-Elected,game,False,USD,75,$19.99,$4.99,2013-08-19,57520,198,8,Very Positive,68015,9578,77593,206420_1,1,2026-09-06T09:21:44+00:00
206440,To the Moon,game,False,USD,0,$9.99,$9.99,2012-09-07,69490,64,9,Overwhelmingly Positive,83090,3343,86433,206440_1,1,2026-09-06T09:40:44+00:00
206480,Dungeons & Dragons Online®,game,True,,,,,2012-06-25,,166,6,Mostly Positive,5651,2283,7934,206480_1,1,2026-09-06T09:20:55+00:00
206500,AirMech,game,True,,,,,2018-03-30,,19,8,Very Positive,9138,1723,10861,206500_1,1,2026-09-06T09:37:40+00:00
207140,SpeedRunners,game,False,USD,0,$14.99,$14.99,2016-04-19,22832,75,8,Very Positive,34947,2231,37178,207140_1,1,2026-09-06T09:23:42+00:00
207170,Legend of Grimrock,game,False,USD,0,$14.99,$14.99,2012-04-11,4840,33,8,Very Positive,6294,441,6735,207170_1,1,2026-09-06T09:36:48+00:00
207350,Ys Origin,game,False,USD,75,$19.99,$4.99,2012-05-31,3111,33,8,Very Positive,3400,254,3654,207350_1,1,2026-09-06T09:40:45+00:00
207490,Rayman® Origins,game,False,USD,0,$19.99,$19.99,2012-03-29,5816,31,8,Very Positive,5847,363,6210,207490_1,1,2026-09-06T09:34:15+00:00
207610,The Walking Dead,game,False,USD,0,$14.99,$14.99,2012-04-24,53570,172,9,Overwhelmingly Positive,78358,2151,80509,207610_1,1,2026-09-06T09:23:00+00:00
208140,ENDLESS Space™ - Definitive Edition,game,False,USD,0,$9.99,$9.99,2012-07-04,6623,48,8,Very Positive,7739,1867,9606,208140_1,1,2026-09-06T09:33:18+00:00
208200,DOOM 3,game,False,USD,0,$9.99,$9.99,2012-10-15,9107,62,8,Very Positive,10777,1731,12508,208200_1,1,2026-09-06T09:29:48+00:00
208580,STAR WARS™ Knights of the Old Republic™ II - The Sith Lords™,game,False,USD,0,$9.99,$9.99,2012-08-23,22332,241,8,Very Positive,24374,1668,26042,208580_1,1,2026-09-06T09:20:06+00:00
208650,Batman™: Arkham Knight,game,False,USD,0,$19.99,$19.99,2015-06-23,110965,1763,8,Very Positive,143195,16440,159635,208650_1,1,2026-09-06T09:15:12+00:00
209000,Batman™: Arkham Origins,game,False,USD,0,$19.99,$19.99,2013-10-24,45470,427,8,Very Positive,58754,6644,65398,209000_1,1,2026-09-06T09:17:44+00:00
209160,Call of Duty®: Ghosts,game,False,USD,60,$39.99,$15.99,2014-03-25,12911,133,5,Mixed,21005,11031,32036,209160_1,1,2026-09-06T09:25:37+00:00
209650,Call of Duty®: Advanced Warfare - Gold Edition,game,False,USD,60,$39.99,$15.99,2014-11-03,11069,109,5,Mixed,16665,8864,25529,209650_1,1,2026-09-06T09:28:11+00:00
210970,The Witness,game,False,USD,0,$39.99,$39.99,2016-01-26,17161,156,8,Very Positive,18012,3339,21351,210970_1,1,2026-09-06T09:24:37+00:00
211500,RaceRoom Racing Experience,game,True,,,,,2013-02-12,1986,581,6,Mostly Positive,21369,6701,28070,211500_1,1,2026-09-06T09:17:46+00:00
211600,Thief Gold (1999),game,False,USD,75,$6.99,$1.74,2012-05-22,3460,23,8,Very Positive,3861,319,4180,211600_1,1,2026-09-06T09:38:13+00:00
211820,Starbound,game,False,USD,50,$14.99,$7.49,2016-07-22,120670,894,8,Very Positive,110890,12400,123290,211820_1,1,2026-09-06T09:16:38+00:00
212070,Star Conflict,game,True,,,,,2013-02-27,199,50,6,Mostly Positive,11049,4172,15221,212070_1,1,2026-09-06T09:36:50+00:00
212160,Vindictus,game,True,,,,,2012-06-22,,137,5,Mixed,5354,2641,7995,212160_1,1,2026-09-06T09:25:32+00:00
212200,Mabinogi,game,True,,,,,2012-12-06,,306,6,Mostly Positive,3112,1089,4201,212200_1,1,2026-09-06T09:19:23+00:00
212480,Sonic & All-Stars Racing Transformed Collection,game,False,USD,0,$19.99,$19.99,2013-01-31,11906,27,8,Very Positive,16670,1184,17854,212480_1,1,2026-09-06T09:34:16+00:00
212500,The Lord of the Rings Online™,game,True,,,,,2012-06-06,170,1092,8,Very Positive,18894,4309,23203,212500_1,1,2026-09-06T09:16:02+00:00
212630,Tom Clancy's Ghost Recon: Future Soldier™,game,False,USD,0,$19.99,$19.99,2012-06-26,5495,24,6,Mostly Positive,4369,1817,6186,212630_1,1,2026-09-06T09:36:16+00:00
212680,FTL: Faster Than Light,game,False,USD,0,$9.99,$9.99,2012-09-14,62673,739,9,Overwhelmingly Positive,74804,3857,78661,212680_1,1,2026-09-06T09:16:36+00:00
213330,LEGO® Batman™ 2: DC Super Heroes,game,False,USD,0,$19.99,$19.99,2012-06-22,7450,106,8,Very Positive,9091,497,9588,213330_1,1,2026-09-06T09:25:01+00:00
213610,Sonic Adventure 2,game,False,USD,0,$9.99,$9.99,2012-11-19,23711,158,8,Very Positive,25457,3068,28525,213610_1,1,2026-09-06T09:21:11+00:00
213670,South Park™: The Stick of Truth™,game,False,USD,0,$29.99,$29.99,2014-03-03,60738,262,9,Overwhelmingly Positive,71631,1784,73415,213670_1,1,2026-09-06T09:20:53+00:00
214170,Divine Divinity,game,False,USD,0,$5.99,$5.99,2012-07-05,3604,23,8,Very Positive,3551,493,4044,214170_1,1,2026-09-06T09:36:17+00:00
214340,Deponia,game,False,USD,90,$9.99,$0.99,2012-08-06,10433,188,8,Very Positive,12564,2005,14569,214340_1,1,2026-09-06T09:23:30+00:00
214490,Alien: Isolation,game,False,USD,0,$39.99,$39.99,2014-10-06,48523,260,8,Very Positive,62189,4595,66784,214490_1,1,2026-09-06T09:19:25+00:00
214510,LEGO® The Lord of the Rings™,game,False,USD,0,$19.99,$19.99,2012-11-27,9554,172,8,Very Positive,14529,1594,16123,214510_1,1,2026-09-06T09:22:55+00:00
214730,Space Rangers HD: A War Apart,game,False,USD,0,$14.99,$14.99,2013-10-17,5841,162,8,Very Positive,6874,406,7280,214730_1,1,2026-09-06T09:26:12+00:00
214950,Total War: ROME II - Emperor Edition,game,False,USD,0,$29.99,$29.99,2013-09-02,58131,4636,8,Very Positive,77253,10966,88219,214950_1,1,2026-09-06T09:14:21+00:00
215080,WAKFU,game,True,,,,,2014-09-18,148,201,6,Mostly Positive,8208,2592,10800,215080_1,1,2026-09-06T09:20:40+00:00
215100,Ragnarok Online,game,True,,,,,2013-10-31,,58,6,Mostly Positive,286,90,376,215100_1,1,2026-09-06T09:33:42+00:00
215280,Secret World Legends,game,True,,,,,2017-07-31,4420,34,5,Mixed,6238,3010,9248,215280_1,1,2026-09-06T09:32:22+00:00
215930,Jagged Alliance 2 - Wildfire,game,False,USD,0,$8.99,$8.99,2012-11-16,1363,52,6,Mostly Positive,1540,398,1938,215930_1,1,2026-09-06T09:34:28+00:00
216150,MapleStory,game,True,,,,,2012-08-09,101,9185,5,Mixed,9454,6010,15464,216150_1,1,2026-09-06T09:14:02+00:00
217200,Worms Armageddon,game,False,USD,0,$14.99,$14.99,2013-03-19,7839,124,8,Very Positive,10306,619,10925,217200_1,1,2026-09-06T09:23:26+00:00
217750,Age of Conan: Unchained,game,True,,,,,2013-02-22,,53,5,Mixed,2036,897,2933,217750_1,1,2026-09-06T09:31:43+00:00
218230,PlanetSide 2,game,True,,,,,2012-11-20,576,368,8,Very Positive,60159,14664,74823,218230_1,1,2026-09-06T09:20:34+00:00
218620,PAYDAY 2,game,False,USD,50,$9.99,$4.99,2013-08-13,445314,28391,8,Very Positive,602674,71828,674502,218620_1,1,2026-09-06T09:13:16+00:00
218680,Scribblenauts Unlimited,game,False,USD,0,$19.99,$19.99,2012-11-19,7997,29,8,Very Positive,11639,748,12387,218680_1,1,2026-09-06T09:35:38+00:00
219150,Hotline Miami,game,False,USD,0,$9.99,$9.99,2012-10-23,109393,267,9,Overwhelmingly Positive,123929,4056,127985,219150_1,1,2026-09-06T09:21:14+00:00
219640,Chivalry: Medieval Warfare,game,False,USD,0,$24.99,$24.99,2012-10-16,44496,15,8,Very Positive,53713,11334,65047,219640_1,1,2026-09-06T09:40:47+00:00
219740,Don't Starve,game,False,USD,75,$9.99,$2.49,2013-04-23,96961,2378,9,Overwhelmingly Positive,109512,3919,113431,219740_1,1,2026-09-06T09:17:09+00:00
219780,Divinity II: Developer's Cut,game,False,USD,0,$19.99,$19.99,2012-10-29,4508,52,8,Very Positive,4520,814,5334,219780_1,1,2026-09-06T09:36:18+00:00
219910,Edna & Harvey: Harvey's New Eyes,game,False,USD,90,$19.99,$1.99,2012-10-16,2751,70,8,Very Positive,3055,402,3457,219910_1,1,2026-09-06T09:31:12+00:00
219990,Grim Dawn,game,False,USD,85,$24.99,$3.74,2016-02-25,92685,9510,8,Very Positive,102309,7140,109449,219990_1,1,2026-09-06T09:14:04+00:00
220200,Kerbal Space Program,game,False,USD,0,$39.99,$39.99,2015-04-27,120405,2779,9,Overwhelmingly Positive,140166,6463,146629,220200_1,1,2026-09-06T09:14:35+00:00
220240,Far Cry 3,game,False,USD,0,$19.99,$19.99,2012-12-04,122482,579,8,Very Positive,117123,16242,133365,220240_1,1,2026-09-06T09:17:59+00:00
220260,Farming Simulator 2013: Titanium Edition,game,False,USD,0,$14.99,$14.99,2013-10-09,3925,40,8,Very Positive,4968,402,5370,220260_1,1,2026-09-06T09:42:00+00:00
220440,DmC: Devil May Cry,game,False,USD,75,$29.99,$7.49,2013-01-24,20888,127,8,Very Positive,30741,2240,32981,220440_1,1,2026-09-06T09:26:08+00:00
220740,Chaos on Deponia,game,False,USD,90,$19.99,$1.99,2012-11-06,2529,98,8,Very Positive,2837,300,3137,220740_1,1,2026-09-06T09:18:17+00:00
221040,Resident Evil 6,game,False,USD,0,$19.99,$19.99,2013-03-21,51194,929,6,Mostly Positive,54893,16214,71107,221040_1,1,2026-09-06T09:16:28+00:00
221100,DayZ,game,False,USD,50,$49.99,$24.99,2018-12-13,387347,35726,6,Mostly Positive,364993,103866,468859,221100_1,1,2026-09-06T09:13:06+00:00
221260,Little Inferno,game,False,USD,0,$14.99,$14.99,2012-11-19,9110,12,8,Very Positive,13058,700,13758,221260_1,1,2026-09-06T09:39:28+00:00
221380,Age of Empires II (Retired),game,False,USD,0,$19.99,$19.99,2013-04-09,84798,2467,9,Overwhelmingly Positive,98545,4288,102833,221380_1,1,2026-09-06T09:14:54+00:00
221540,DG2: Defense Grid 2,game,False,USD,0,$9.99,$9.99,2014-09-23,2703,48,8,Very Positive,2995,463,3458,221540_1,1,2026-09-06T09:35:20+00:00
221680,Rocksmith® 2014 Edition REMASTERED LEARN & PLAY,game,False,USD,0,$9.99,$9.99,2024-12-19,15598,362,8,Very Positive,22272,3050,25322,221680_1,1,2026-09-06T09:18:31+00:00
221910,The Stanley Parable,game,False,USD,0,$14.99,$14.99,2013-10-17,40277,23,8,Very Positive,42343,3454,45797,221910_1,1,2026-09-06T09:35:14+00:00
222420,THE KING OF FIGHTERS '98 ULTIMATE MATCH FINAL EDITION,game,False,USD,85,$24.99,$3.74,2014-12-16,2589,57,8,Very Positive,2837,290,3127,222420_1,1,2026-09-06T09:34:02+00:00
222440,THE KING OF FIGHTERS 2002 UNLIMITED MATCH,game,False,USD,85,$14.99,$2.24,2015-02-27,4405,132,8,Very Positive,5082,275,5357,222440_1,1,2026-09-06T09:24:02+00:00
222480,Resident Evil Revelations,game,False,USD,0,$19.99,$19.99,2013-05-20,11667,143,8,Very Positive,14991,3459,18450,222480_1,1,2026-09-06T09:25:33+00:00
222520,Champions of Regnum,game,True,,,,,2013-02-27,,24,5,Mixed,853,391,1244,222520_1,1,2026-09-06T09:33:19+00:00
222880,Insurgency,game,False,USD,0,$14.99,$14.99,2014-01-22,86328,156,8,Very Positive,114257,10359,124616,222880_1,1,2026-09-06T09:22:57+00:00
223100,Homefront®: The Revolution,game,False,USD,0,$19.99,$19.99,2016-05-17,11389,47,5,Mixed,10445,6687,17132,223100_1,1,2026-09-06T09:32:30+00:00
223470,POSTAL 2,game,False,USD,0,$9.99,$9.99,2012-11-02,117410,509,9,Overwhelmingly Positive,133418,4203,137621,223470_1,1,2026-09-06T09:19:43+00:00
223710,Cry of Fear,game,True,,,,,2013-04-25,296,454,8,Very Positive,77267,9842,87109,223710_1,1,2026-09-06T09:18:10+00:00
223750,DCS World Steam Edition,game,True,,,,,2013-08-02,710,927,8,Very Positive,34920,6154,41074,223750_1,1,2026-09-06T09:16:39+00:00
223830,Xenonauts,game,False,USD,0,$24.99,$24.99,2014-06-16,3812,31,8,Very Positive,4398,672,5070,223830_1,1,2026-09-06T09:36:53+00:00
224260,No More Room in Hell,game,True,,,,,2013-10-31,699,856,8,Very Positive,68841,7739,76580,224260_1,1,2026-09-06T09:18:34+00:00
224480,Octodad: Dadliest Catch,game,False,USD,0,$14.99,$14.99,2014-01-30,9096,21,8,Very Positive,10083,629,10712,224480_1,1,2026-09-06T09:35:50+00:00
224760,FEZ,game,False,USD,0,$9.99,$9.99,2013-05-01,11650,35,8,Very Positive,15047,1196,16243,224760_1,1,2026-09-06T09:37:16+00:00
225260,Brutal Legend,game,False,USD,0,$14.99,$14.99,2013-02-26,11341,43,8,Very Positive,19047,1388,20435,225260_1,1,2026-09-06T09:30:09+00:00
225540,Just Cause™ 3,game,False,USD,0,$19.99,$19.99,2015-11-30,104078,756,8,Very Positive,107979,19935,127914,225540_1,1,2026-09-06T09:17:35+00:00
225640,Sacred 2 Gold,game,False,,,,,,2623,55,6,Mostly Positive,2828,883,3711,225640_1,1,2026-09-06T09:38:15+00:00
225840,Sven Co-op,game,True,,,,,2016-01-22,272,141,8,Very Positive,30379,2083,32462,225840_1,1,2026-09-06T09:21:59+00:00
226840,Age of Wonders III,game,False,USD,0,$29.99,$29.99,2014-03-31,7015,193,8,Very Positive,10271,2544,12815,226840_1,1,2026-09-06T09:23:22+00:00
226860,Galactic Civilizations III,game,False,USD,0,$29.99,$29.99,2015-05-14,8332,101,6,Mostly Positive,7964,2429,10393,226860_1,1,2026-09-06T09:27:20+00:00
227300,Euro Truck Simulator 2,game,False,USD,0,$19.99,$19.99,2012-10-12,783375,32569,9,Overwhelmingly Positive,917193,24065,941258,227300_1,1,2026-09-06T09:13:14+00:00
227600,Castle of Illusion,game,False,USD,0,$14.99,$14.99,2013-09-04,3471,13,8,Very Positive,4041,420,4461,227600_1,1,2026-09-06T09:41:29+00:00
227780,Serious Sam Classics: Revolution,game,False,USD,90,$9.99,$0.99,2019-08-30,3272,39,8,Very Positive,3437,387,3824,227780_1,1,2026-09-06T09:38:45+00:00
227860,Castle Story,game,False,USD,0,$9.99,$9.99,2017-08-17,9271,46,5,Mixed,6937,3707,10644,227860_1,1,2026-09-06T09:34:29+00:00
228200,Company of Heroes,game,False,USD,0,$14.99,$14.99,2006-09-11,12593,1046,8,Very Positive,17652,1078,18730,228200_1,1,2026-09-06T09:16:25+00:00
228280,Baldur's Gate: Enhanced Edition,game,False,USD,0,$19.99,$19.99,2013-01-16,15361,494,8,Very Positive,16654,1367,18021,228280_1,1,2026-09-06T09:18:16+00:00
228300,Remember Me,game,False,USD,80,$29.99,$5.99,2013-06-03,11115,32,8,Very Positive,14176,2867,17043,228300_1,1,2026-09-06T09:37:41+00:00
228380,Wreckfest,game,False,USD,0,$29.99,$29.99,2018-06-14,31349,316,8,Very Positive,36495,4995,41490,228380_1,1,2026-09-06T09:18:46+00:00
230190,War for the Overworld,game,False,USD,0,$29.99,$29.99,2015-04-02,6493,91,8,Very Positive,6983,1143,8126,230190_1,1,2026-09-06T09:30:07+00:00
230270,N++ (NPLUSPLUS),game,False,USD,0,$14.99,$14.99,2016-08-25,2824,16,8,Very Positive,3348,222,3570,230270_1,1,2026-09-06T09:38:33+00:00
230290,Universe Sandbox,game,False,USD,0,$29.99,$29.99,2015-08-24,27771,365,9,Overwhelmingly Positive,31027,1128,32155,230290_1,1,2026-09-06T09:19:48+00:00
230330,FINAL FANTASY® XI: Ultimate Collection Seekers Edition,game,False,USD,0,$29.99,$29.99,2013-04-19,422,10,6,Mostly Positive,112,29,141,230330_1,1,2026-09-06T09:40:13+00:00
230410,Warframe,game,True,,,,,2013-03-25,2879,56982,8,Very Positive,593768,82434,676202,230410_1,1,2026-09-06T09:13:03+00:00
230820,The Night of the Rabbit,game,False,USD,90,$29.99,$2.99,2013-05-28,2759,509,8,Very Positive,3077,365,3442,230820_1,1,2026-09-06T09:30:14+00:00
231430,Company of Heroes 2,game,False,USD,0,$19.99,$19.99,2013-06-25,68866,2621,6,Mostly Positive,89409,23709,113118,231430_1,1,2026-09-06T09:15:19+00:00
232090,Killing Floor 2,game,False,USD,90,$29.99,$2.99,2016-11-18,87935,4942,8,Very Positive,114198,15178,129376,232090_1,1,2026-09-06T09:14:33+00:00
232770,POSTAL,game,True,,,,,2003-09-12,2520,30,8,Very Positive,13223,1213,14436,232770_1,1,2026-09-06T09:35:21+00:00
232890,Stronghold Crusader 2,game,False,USD,0,$39.99,$39.99,2014-09-22,12605,300,6,Mostly Positive,13103,4984,18087,232890_1,1,2026-09-06T09:22:12+00:00
232910,TrackMania² Stadium,game,False,USD,0,$9.99,$9.99,2013-06-20,5336,50,8,Very Positive,5922,750,6672,232910_1,1,2026-09-06T09:29:49+00:00
233270,Far Cry 3 - Blood Dragon,game,False,USD,0,$14.99,$14.99,2013-05-01,18330,21,8,Very Positive,17249,2485,19734,233270_1,1,2026-09-06T09:41:31+00:00
233450,Prison Architect,game,False,USD,80,$29.99,$5.99,2015-10-06,60106,1251,8,Very Positive,65839,7954,73793,233450_1,1,2026-09-06T09:16:15+00:00
233610,Distance,game,False,USD,0,$24.99,$24.99,2018-09-18,5824,7,8,Very Positive,7014,575,7589,233610_1,1,2026-09-06T09:38:34+00:00
233800,Arma 3 Tools,game,False,,,,,,344,44,8,Very Positive,484,67,551,233800_1,1,2026-09-06T09:33:30+00:00
233840,Worms Clan Wars,game,False,USD,0,$24.99,$24.99,2013-08-15,1678,5,6,Mostly Positive,2506,687,3193,233840_1,1,2026-09-06T09:39:50+00:00
233860,Kenshi,game,False,USD,60,$29.99,$11.99,2018-12-06,98141,5430,9,Overwhelmingly Positive,111205,5130,116335,233860_1,1,2026-09-06T09:14:25+00:00
234080,Castlevania: Lords of Shadow – Ultimate Edition,game,False,USD,0,$29.99,$29.99,2013-08-27,7984,36,8,Very Positive,8401,1984,10385,234080_1,1,2026-09-06T09:30:26+00:00
234140,Mad Max,game,False,USD,0,$19.99,$19.99,2015-09-01,57579,704,8,Very Positive,83487,6916,90403,234140_1,1,2026-09-06T09:17:08+00:00
234330,MARVEL Puzzle Quest,game,True,,,,,2013-12-05,,165,5,Mixed,3098,1395,4493,234330_1,1,2026-09-06T09:22:17+00:00
234650,Shadowrun Returns,game,False,USD,0,$14.99,$14.99,2013-07-25,9517,21,8,Very Positive,12097,1599,13696,234650_1,1,2026-09-06T09:40:48+00:00
234670,NARUTO SHIPPUDEN: Ultimate Ninja STORM 3 Full Burst HD,game,False,USD,50,$19.99,$9.99,2013-10-24,10744,39,8,Very Positive,12933,1479,14412,234670_1,1,2026-09-06T09:31:45+00:00
235320,Original War,game,False,USD,80,$9.99,$1.99,2014-01-27,1810,34,8,Very Positive,2058,110,2168,235320_1,1,2026-09-06T09:38:16+00:00
235460,METAL GEAR RISING: REVENGEANCE,game,False,USD,0,$29.99,$29.99,2014-01-09,69045,278,9,Overwhelmingly Positive,85393,3524,88917,235460_1,1,2026-09-06T09:19:45+00:00
235540,Warhammer: End Times - Vermintide,game,False,USD,92,$44.99,$3.59,2015-10-23,13655,29,6,Mostly Positive,17151,4296,21447,235540_1,1,2026-09-06T09:35:39+00:00
235600,Tom Clancy’s Splinter Cell Blacklist,game,False,USD,0,$19.99,$19.99,2013-08-20,19286,47,6,Mostly Positive,17025,4610,21635,235600_1,1,2026-09-06T09:32:50+00:00
236110,Dungeon Defenders II,game,True,,,,,2017-06-20,2983,312,6,Mostly Positive,17121,5044,22165,236110_1,1,2026-09-06T09:20:03+00:00
236390,War Thunder,game,True,,,,,2013-08-15,1990,70599,6,Mostly Positive,556118,225339,781457,236390_1,1,2026-09-06T09:13:05+00:00
236430,DARK SOULS™ II,game,False,USD,0,$39.99,$39.99,2014-04-25,33302,159,8,Very Positive,41266,5546,46812,236430_1,1,2026-09-06T09:24:14+00:00
236690,Blood Bowl 2: Legendary Edition (Classic),game,False,USD,0,$29.99,$29.99,2017-09-05,7073,70,6,Mostly Positive,7197,1974,9171,236690_1,1,2026-09-06T09:29:22+00:00
236850,Europa Universalis IV,game,False,USD,0,$49.99,$49.99,2013-08-13,95728,10563,8,Very Positive,120400,16923,137323,236850_1,1,2026-09-06T09:13:46+00:00
237310,Elsword,game,True,,,,,2014-07-02,,150,6,Mostly Positive,7097,2630,9727,237310_1,1,2026-09-06T09:22:58+00:00
237990,The Banner Saga,game,False,USD,0,$24.99,$24.99,2014-01-14,13464,22,8,Very Positive,14196,1759,15955,237990_1,1,2026-09-06T09:39:01+00:00
238010,Deus Ex: Human Revolution - Director's Cut,game,False,USD,0,$19.99,$19.99,2013-10-25,25349,174,8,Very Positive,27503,2406,29909,238010_1,1,2026-09-06T09:23:01+00:00
238090,Sniper Elite 3,game,False,USD,0,$29.99,$29.99,2014-06-27,21356,143,8,Very Positive,23269,5092,28361,238090_1,1,2026-09-06T09:27:17+00:00
238320,Outlast,game,False,USD,75,$14.99,$3.74,2013-09-04,104098,409,9,Overwhelmingly Positive,133645,4930,138575,238320_1,1,2026-09-06T09:18:02+00:00
238370,Magicka 2,game,False,USD,0,$14.99,$14.99,2015-05-26,9483,46,8,Very Positive,11427,2434,13861,238370_1,1,2026-09-06T09:37:08+00:00
238430,Contagion,game,False,USD,0,$9.99,$9.99,2013-10-25,10044,16,6,Mostly Positive,11446,4291,15737,238430_1,1,2026-09-06T09:41:06+00:00
238460,BattleBlock Theater®,game,False,USD,70,$14.99,$4.49,2014-05-15,55754,163,9,Overwhelmingly Positive,70802,2057,72859,238460_1,1,2026-09-06T09:23:56+00:00
238750,Might & Magic X - Legacy,game,False,USD,0,$29.99,$29.99,2014-01-23,3174,27,5,Mixed,2270,1152,3422,238750_1,1,2026-09-06T09:40:14+00:00
238960,Path of Exile,game,True,,,,,2013-10-23,1027,11271,8,Very Positive,222441,27316,249757,238960_1,1,2026-09-06T09:13:41+00:00
239030,"Papers, Please",game,False,USD,0,$9.99,$9.99,2013-08-08,73308,284,9,Overwhelmingly Positive,78240,2178,80418,239030_1,1,2026-09-06T09:20:42+00:00
239120,Final Fantasy III (3D Remake),game,False,USD,0,$15.99,$15.99,2014-05-27,3009,51,8,Very Positive,2928,650,3578,239120_1,1,2026-09-06T09:34:57+00:00
239140,Dying Light,game,False,USD,0,$24.99,$24.99,2015-01-26,377868,4201,9,Overwhelmingly Positive,471225,23616,494841,239140_1,1,2026-09-06T09:14:45+00:00
239160,Thief,game,False,USD,85,$19.99,$2.99,2014-02-27,17376,139,6,Mostly Positive,17917,6105,24022,239160_1,1,2026-09-06T09:27:28+00:00
239250,Castlevania: Lords of Shadow 2,game,False,USD,0,$39.99,$39.99,2014-02-25,4871,19,8,Very Positive,5510,989,6499,239250_1,1,2026-09-06T09:38:17+00:00
239350,Spelunky,game,False,USD,0,$14.99,$14.99,2013-08-08,14667,60,8,Very Positive,15355,1309,16664,239350_1,1,2026-09-06T09:29:09+00:00
239820,Game Dev Tycoon,game,False,USD,60,$9.99,$3.99,2013-08-29,40291,149,9,Overwhelmingly Positive,42924,2168,45092,239820_1,1,2026-09-06T09:23:17+00:00
240720,Getting Over It with Bennett Foddy,game,False,USD,0,$7.99,$7.99,2017-12-06,75056,183,8,Very Positive,67838,14614,82452,240720_1,1,2026-09-06T09:23:57+00:00
241260,Sherlock Holmes: Crimes and Punishments,game,False,USD,0,$29.99,$29.99,2014-09-29,7109,59,8,Very Positive,7179,844,8023,241260_1,1,2026-09-06T09:34:58+00:00
241600,Rogue Legacy,game,False,USD,0,$14.99,$14.99,2013-06-27,15870,30,8,Very Positive,17394,1439,18833,241600_1,1,2026-09-06T09:33:57+00:00
241910,Goodbye Deponia,game,False,USD,90,$19.99,$1.99,2013-10-17,2069,93,8,Very Positive,2304,291,2595,241910_1,1,2026-09-06T09:22:45+00:00
241930,Middle-earth™: Shadow of Mordor™,game,False,USD,0,$19.99,$19.99,2014-09-30,63694,738,8,Very Positive,89839,7271,97110,241930_1,1,2026-09-06T09:16:26+00:00
242050,Assassin’s Creed® IV Black Flag™,game,False,USD,0,$39.99,$39.99,,72176,404,8,Very Positive,69387,9169,78556,242050_1,1,2026-09-06T09:20:08+00:00
242550,Rayman® Legends,game,False,USD,0,$29.99,$29.99,2013-09-03,11396,110,8,Very Positive,11095,1243,12338,242550_1,1,2026-09-06T09:27:31+00:00
242640,Styx: Master of Shadows,game,False,USD,0,$19.99,$19.99,2014-10-07,9644,51,8,Very Positive,9751,1959,11710,242640_1,1,2026-09-06T09:37:17+00:00
242680,Nuclear Throne,game,False,USD,0,$11.99,$11.99,2015-12-05,15027,93,9,Overwhelmingly Positive,18994,788,19782,242680_1,1,2026-09-06T09:26:42+00:00
242700,Injustice: Gods Among Us Ultimate Edition,game,False,USD,0,$19.99,$19.99,2013-11-12,9858,31,8,Very Positive,17379,2755,20134,242700_1,1,2026-09-06T09:33:20+00:00
242760,The Forest,game,False,USD,78,$19.99,$4.39,2018-04-30,580467,7406,9,Overwhelmingly Positive,651091,30489,681580,242760_1,1,2026-09-06T09:13:55+00:00
242860,Verdun,game,False,USD,0,$19.99,$19.99,2015-04-28,28965,48,8,Very Positive,32492,5209,37701,242860_1,1,2026-09-06T09:29:23+00:00
242920,Banished,game,False,USD,0,$19.99,$19.99,2014-02-18,37882,458,8,Very Positive,39174,4146,43320,242920_1,1,2026-09-06T09:18:52+00:00
243200,The Dark Eye: Memoria,game,False,USD,90,$19.99,$1.99,2013-08-29,2091,101,8,Very Positive,2245,271,2516,243200_1,1,2026-09-06T09:19:28+00:00
243470,Watch_Dogs™,game,False,USD,0,$19.99,$19.99,2014-05-26,49064,697,6,Mostly Positive,41819,10730,52549,243470_1,1,2026-09-06T09:18:35+00:00
243970,"Invisible, Inc.",game,False,USD,0,$19.99,$19.99,2015-05-12,5088,29,8,Very Positive,5277,505,5782,243970_1,1,2026-09-06T09:37:19+00:00
244160,Homeworld Remastered Collection,game,False,USD,90,$34.99,$3.49,2015-02-25,11965,105,8,Very Positive,12458,1709,14167,244160_1,1,2026-09-06T09:28:19+00:00
244210,Assetto Corsa,game,False,USD,0,$19.99,$19.99,2014-12-19,135749,8325,8,Very Positive,161267,12408,173675,244210_1,1,2026-09-06T09:13:44+00:00
244450,Men of War: Assault Squad 2,game,False,USD,0,$29.99,$29.99,2014-05-15,35721,791,8,Very Positive,42558,4094,46652,244450_1,1,2026-09-06T09:17:36+00:00
244850,Space Engineers,game,False,USD,0,$19.99,$19.99,2019-02-28,102549,2668,8,Very Positive,119354,15025,134379,244850_1,1,2026-09-06T09:14:37+00:00
245170,Skullgirls 2nd Encore,game,False,USD,75,$24.99,$6.24,2013-08-22,29204,63,8,Very Positive,28429,3892,32321,245170_1,1,2026-09-06T09:24:35+00:00
245390,"I Have No Mouth, and I Must Scream",game,False,USD,0,$9.99,$9.99,2013-10-17,3571,11,8,Very Positive,3573,450,4023,245390_1,1,2026-09-06T09:40:15+00:00
245450,Wizardry 8,game,False,USD,80,$9.99,$1.99,2013-09-10,1077,30,8,Very Positive,1095,128,1223,245450_1,1,2026-09-06T09:34:59+00:00
245620,Tropico 5,game,False,USD,65,$19.99,$6.99,2014-05-23,9796,83,6,Mostly Positive,11340,3076,14416,245620_1,1,2026-09-06T09:27:21+00:00
246420,Kingdom Rush  - Tower Defense,game,False,USD,0,$9.99,$9.99,2014-01-06,14550,403,9,Overwhelmingly Positive,16698,473,17171,246420_1,1,2026-09-06T09:24:32+00:00
246620,Plague Inc: Evolved,game,False,USD,0,$14.99,$14.99,2016-02-18,59092,657,8,Very Positive,61930,3808,65738,246620_1,1,2026-09-06T09:17:33+00:00
246840,FATE,game,False,USD,0,$7.99,$7.99,2013-12-12,4082,26,9,Overwhelmingly Positive,4254,208,4462,246840_1,1,2026-09-06T09:30:22+00:00
246900,Viscera Cleanup Detail,game,False,USD,0,$12.99,$12.99,2015-10-23,18042,118,8,Very Positive,21888,1851,23739,246900_1,1,2026-09-06T09:25:30+00:00
247000,Talisman: Digital Classic Edition,game,False,USD,70,$6.99,$2.09,2014-02-25,5558,101,6,Mostly Positive,7842,2179,10021,247000_1,1,2026-09-06T09:22:40+00:00
247080,Crypt of the NecroDancer,game,False,USD,0,$14.99,$14.99,2015-04-23,23586,87,9,Overwhelmingly Positive,25299,1196,26495,247080_1,1,2026-09-06T09:27:53+00:00
247430,Hitman: Contracts,game,False,USD,90,$8.99,$0.89,2014-01-21,3076,27,8,Very Positive,3179,483,3662,247430_1,1,2026-09-06T09:38:19+00:00
247970,Korea. IL-2 Series,game,False,USD,0,$79.99,$79.99,2026-08-04,415,54,6,Mostly Positive,311,108,419,247970_1,1,2026-09-06T09:30:45+00:00
248390,Craft The World,game,False,USD,85,$18.99,$2.84,2014-11-24,15055,859,8,Very Positive,15094,1979,17073,248390_1,1,2026-09-06T09:20:10+00:00
248570,Toribash,game,True,,,,,2014-05-16,145,36,8,Very Positive,14871,1963,16834,248570_1,1,2026-09-06T09:32:23+00:00
248860,NEO Scavenger,game,False,USD,75,$14.99,$3.74,2014-12-15,4434,50,8,Very Positive,4856,556,5412,248860_1,1,2026-09-06T09:35:15+00:00
249050,Dungeon of the ENDLESS™,game,False,USD,0,$11.99,$11.99,2014-10-27,9416,24,8,Very Positive,11977,2069,14046,249050_1,1,2026-09-06T09:34:06+00:00
249130,LEGO® Marvel™ Super Heroes,game,False,USD,0,$19.99,$19.99,2013-10-22,22579,532,9,Overwhelmingly Positive,29900,1357,31257,249130_1,1,2026-09-06T09:17:18+00:00
249230,Risen 3 - Titan Lords,game,False,USD,0,$14.99,$14.99,2014-08-12,4394,59,6,Mostly Positive,4809,1658,6467,249230_1,1,2026-09-06T09:36:54+00:00
249650,Blackguards,game,False,USD,90,$9.99,$0.99,2014-01-22,2999,51,5,Mixed,2433,1484,3917,249650_1,1,2026-09-06T09:32:09+00:00
250180,METAL SLUG 3,game,False,USD,0,$7.99,$7.99,2014-02-14,6962,48,8,Very Positive,8226,941,9167,250180_1,1,2026-09-06T09:37:20+00:00
250320,The Wolf Among Us,game,False,USD,0,$14.99,$14.99,2013-10-11,32451,82,9,Overwhelmingly Positive,39346,854,40200,250320_1,1,2026-09-06T09:27:38+00:00
250340,Blockland,game,False,USD,0,$9.99,$9.99,2013-12-16,3327,16,6,Mostly Positive,4045,1462,5507,250340_1,1,2026-09-06T09:41:08+00:00
250520,UnderRail,game,False,USD,0,$14.99,$14.99,2015-12-18,6374,98,8,Very Positive,6231,1006,7237,250520_1,1,2026-09-06T09:26:49+00:00
250760,Shovel Knight: Treasure Trove,game,False,USD,0,$39.99,$39.99,2014-06-26,14206,41,9,Overwhelmingly Positive,16145,759,16904,250760_1,1,2026-09-06T09:31:32+00:00
250900,The Binding of Isaac: Rebirth,game,False,USD,0,$14.99,$14.99,2014-11-04,412224,68746,9,Overwhelmingly Positive,438582,14153,452735,250900_1,1,2026-09-06T09:13:02+00:00
251060,Wargame: Red Dragon,game,False,USD,0,$29.99,$29.99,2014-04-17,15754,278,8,Very Positive,17486,2263,19749,251060_1,1,2026-09-06T09:21:15+00:00
251150,The Legend of Heroes: Trails in the Sky,game,False,USD,50,$19.99,$9.99,2014-07-29,8795,53,8,Very Positive,9759,622,10381,251150_1,1,2026-09-06T09:31:13+00:00
251290,The Legend of Heroes: Trails in the Sky SC,game,False,USD,35,$29.99,$19.49,2015-10-29,3737,42,9,Overwhelmingly Positive,4278,104,4382,251290_1,1,2026-09-06T09:32:44+00:00
251470,TowerFall Ascension,game,False,USD,80,$14.99,$2.99,2014-03-11,2941,12,9,Overwhelmingly Positive,3439,181,3620,251470_1,1,2026-09-06T09:39:51+00:00
251570,7 Days to Die,game,False,USD,45,$44.99,$24.74,2024-07-25,279065,34275,8,Very Positive,348525,51844,400369,251570_1,1,2026-09-06T09:13:15+00:00
251670,Battle Nations,game,True,,,,,2014-09-18,,221,6,Mostly Positive,1389,496,1885,251670_1,1,2026-09-06T09:23:25+00:00
251730,Legend of Grimrock 2,game,False,USD,0,$23.99,$23.99,2014-10-15,3060,53,8,Very Positive,3695,379,4074,251730_1,1,2026-09-06T09:33:31+00:00
251950,WWII Online,game,True,,,,,2023-07-06,199,6,5,Mixed,1938,1865,3803,251950_1,1,2026-09-06T09:41:32+00:00
252110,Lovers in a Dangerous Spacetime,game,False,USD,0,$14.99,$14.99,2015-09-09,3365,12,8,Very Positive,3788,277,4065,252110_1,1,2026-09-06T09:39:02+00:00
252410,SteamWorld Dig,game,False,USD,0,$9.99,$9.99,2013-12-05,6507,34,8,Very Positive,10297,709,11006,252410_1,1,2026-09-06T09:34:30+00:00
252490,Rust,game,False,USD,0,$39.99,$39.99,2018-02-08,1165875,101432,8,Very Positive,1211205,185113,1396318,252490_1,1,2026-09-06T09:12:56+00:00
252530,OMSI 2: Steam Edition,game,False,USD,0,$29.99,$29.99,2013-12-11,8569,921,8,Very Positive,12712,2145,14857,252530_1,1,2026-09-06T09:17:39+00:00
252610,Death Road to Canada,game,False,USD,80,$14.99,$2.99,2016-07-21,9109,148,8,Very Positive,9747,765,10512,252610_1,1,2026-09-06T09:30:35+00:00
252870,PULSAR: Lost Colony,game,False,USD,0,$19.99,$19.99,2021-06-22,4407,2,8,Very Positive,5149,584,5733,252870_1,1,2026-09-06T09:35:51+00:00
253230,A Hat in Time,game,False,USD,0,$29.99,$29.99,2017-10-05,42842,91,9,Overwhelmingly Positive,52246,1173,53419,253230_1,1,2026-09-06T09:24:16+00:00
253250,Stonehearth,game,False,USD,0,$19.99,$19.99,2018-07-25,10646,88,6,Mostly Positive,9837,3240,13077,253250_1,1,2026-09-06T09:31:49+00:00
253430,CastleMiner Z,game,False,USD,0,$5.99,$5.99,2014-02-03,7939,16,8,Very Positive,9074,2085,11159,253430_1,1,2026-09-06T09:41:09+00:00
253900,Knights and Merchants,game,False,USD,0,$9.99,$9.99,2013-10-14,2790,76,8,Very Positive,4224,733,4957,253900_1,1,2026-09-06T09:30:46+00:00
254700,Resident Evil 4 (2005),game,False,USD,0,$19.99,$19.99,2014-02-27,78302,445,8,Very Positive,92339,5705,98044,254700_1,1,2026-09-06T09:17:20+00:00
254760,Empire Earth: Gold Edition,game,False,USD,30,$5.99,$4.19,2026-05-26,193,142,8,Very Positive,176,21,197,254760_1,1,2026-09-06T09:25:43+00:00
254780,Empire Earth II: Gold Edition,game,False,USD,30,$9.99,$6.99,2026-05-26,,48,8,Very Positive,67,10,77,254780_1,1,2026-09-06T09:32:52+00:00
255280,1954 Alcatraz,game,False,USD,90,$9.99,$0.99,2014-03-11,1553,68,6,Mostly Positive,1418,524,1942,255280_1,1,2026-09-06T09:19:44+00:00
255300,Journey of a Roach,game,False,USD,85,$6.99,$1.04,2013-11-04,1562,40,8,Very Positive,1917,227,2144,255300_1,1,2026-09-06T09:23:31+00:00
255320,Edna & Harvey: The Breakout,game,False,USD,90,$14.99,$1.49,2013-10-25,1565,668,8,Very Positive,1648,258,1906,255320_1,1,2026-09-06T09:29:56+00:00
255710,Cities: Skylines,game,False,USD,0,$29.99,$29.99,2015-03-10,220267,10520,8,Very Positive,271231,20813,292044,255710_1,1,2026-09-06T09:14:07+00:00
257170,Rebuild 3: Gangs of Deadsville,game,False,USD,0,$14.99,$14.99,2015-05-29,1486,17,8,Very Positive,1765,285,2050,257170_1,1,2026-09-06T09:37:58+00:00
257350,Baldur's Gate II: Enhanced Edition,game,False,USD,0,$19.99,$19.99,2013-11-15,9459,437,8,Very Positive,10069,843,10912,257350_1,1,2026-09-06T09:19:13+00:00
257420,Serious Sam 4,game,False,USD,80,$39.99,$7.99,2020-09-24,15567,190,8,Very Positive,14756,2959,17715,257420_1,1,2026-09-06T09:25:13+00:00
257510,The Talos Principle,game,False,USD,0,$29.99,$29.99,2014-12-11,29223,79,9,Overwhelmingly Positive,31484,1552,33036,257510_1,1,2026-09-06T09:30:10+00:00
257850,Hyper Light Drifter,game,False,USD,0,$19.99,$19.99,2016-03-31,15528,37,8,Very Positive,17798,1355,19153,257850_1,1,2026-09-06T09:32:25+00:00
258970,Gauntlet™ Slayer Edition,game,False,USD,0,$19.99,$19.99,2014-09-23,6686,17,8,Very Positive,8446,1840,10286,258970_1,1,2026-09-06T09:35:27+00:00
259680,Tales of Maj'Eyal,game,False,USD,0,$6.99,$6.99,2013-12-12,6315,118,8,Very Positive,7030,411,7441,259680_1,1,2026-09-06T09:27:35+00:00
260160,The Last Tinker™: City of Colors,game,False,USD,90,$19.99,$1.99,2014-05-12,1113,582,8,Very Positive,1139,271,1410,260160_1,1,2026-09-06T09:25:12+00:00
260430,The Four Kings Casino and Slots,game,True,,,,,2015-06-01,116,45,5,Mixed,2772,1312,4084,260430_1,1,2026-09-06T09:33:21+00:00
260730,Desperados: Wanted Dead or Alive,game,False,USD,0,$4.99,$4.99,2013-11-20,2110,31,8,Very Positive,2146,294,2440,260730_1,1,2026-09-06T09:40:49+00:00
261030,The Walking Dead: Season Two,game,False,USD,0,$14.99,$14.99,2013-12-17,26827,60,9,Overwhelmingly Positive,32832,1162,33994,261030_1,1,2026-09-06T09:30:58+00:00
261430,AION MMO,game,True,,,,,2015-12-16,,47,5,Mixed,2779,2312,5091,261430_1,1,2026-09-06T09:34:40+00:00
261550,Mount & Blade II: Bannerlord,game,False,USD,0,$49.99,$49.99,2022-10-25,230152,35022,8,Very Positive,260495,36652,297147,261550_1,1,2026-09-06T09:13:24+00:00
261570,Ori and the Blind Forest,game,False,,,,,2015-03-10,51041,225,8,Very Positive,56402,3718,60120,261570_1,1,2026-09-06T09:33:32+00:00
261640,Borderlands: The Pre-Sequel,game,False,USD,0,$39.99,$39.99,2014-10-13,32744,326,6,Mostly Positive,34121,9107,43228,261640_1,1,2026-09-06T09:19:37+00:00
262060,Darkest Dungeon®,game,False,USD,0,$24.99,$24.99,2016-01-19,140530,7482,8,Very Positive,148654,13528,162182,262060_1,1,2026-09-06T09:14:15+00:00
262280,Dungeons 2,game,False,USD,75,$19.99,$4.99,2015-04-24,2289,33,8,Very Positive,4333,948,5281,262280_1,1,2026-09-06T09:37:21+00:00
262410,World of Guns: Gun Disassembly,game,True,,,,,2014-05-21,341,118,8,Very Positive,16647,3182,19829,262410_1,1,2026-09-06T09:30:23+00:00
263540,Villagers and Heroes,game,True,,,,,2014-04-17,,36,5,Mixed,2128,1333,3461,263540_1,1,2026-09-06T09:37:22+00:00
264710,Subnautica,game,False,USD,75,$29.99,$7.49,2018-01-23,340731,4590,9,Overwhelmingly Positive,368461,11037,379498,264710_1,1,2026-09-06T09:14:39+00:00
265300,Lords Of The Fallen™ 2014,game,False,USD,0,$29.99,$29.99,2014-10-28,13380,33,5,Mixed,12249,8562,20811,265300_1,1,2026-09-06T09:40:50+00:00
265330,Gomo,game,False,USD,84,$4.99,$0.79,2013-12-06,1599,517,6,Mostly Positive,1500,446,1946,265330_1,1,2026-09-06T09:22:50+00:00
265550,Dead Rising 3 Apocalypse Edition,game,False,USD,0,$29.99,$29.99,2014-09-05,13818,74,6,Mostly Positive,15845,4725,20570,265550_1,1,2026-09-06T09:29:50+00:00
265630,Fistful of Frags,game,True,,,,,2014-05-09,472,40,8,Very Positive,33713,3175,36888,265630_1,1,2026-09-06T09:32:32+00:00
265930,Goat Simulator,game,False,USD,0,$9.99,$9.99,2014-04-01,54726,55,8,Very Positive,63880,6372,70252,265930_1,1,2026-09-06T09:30:31+00:00
265970,Worlds of Magic,game,False,USD,91,$11.99,$1.07,2015-03-19,415,44,5,Mixed,296,292,588,265970_1,1,2026-09-06T09:22:28+00:00
266410,iRacing,game,False,USD,0,$11.59,$11.59,2015-01-12,5876,677,8,Very Positive,6446,1109,7555,266410_1,1,2026-09-06T09:17:19+00:00
266840,Age of Mythology: Extended Edition,game,False,USD,0,$29.99,$29.99,2014-05-08,31860,550,8,Very Positive,33826,2447,36273,266840_1,1,2026-09-06T09:17:11+00:00
267530,The LEGO® Movie - Videogame,game,False,USD,0,$19.99,$19.99,2014-02-07,3616,43,8,Very Positive,5280,785,6065,267530_1,1,2026-09-06T09:33:43+00:00
268050,The Evil Within,game,False,USD,0,$19.99,$19.99,2014-10-13,21432,236,8,Very Positive,28654,4975,33629,268050_1,1,2026-09-06T09:23:11+00:00
268400,Panzer Corps Gold,game,False,USD,0,$29.99,$29.99,2014-03-12,2224,270,8,Very Positive,2513,221,2734,268400_1,1,2026-09-06T09:22:41+00:00
268500,XCOM® 2,game,False,USD,0,$19.99,$19.99,2016-02-04,79853,4704,8,Very Positive,92596,16778,109374,268500_1,1,2026-09-06T09:14:28+00:00
268540,The Whispered World Special Edition,game,False,USD,90,$19.99,$1.99,2014-05-06,1723,88,6,Mostly Positive,1649,529,2178,268540_1,1,2026-09-06T09:29:57+00:00
268650,From the Depths,game,False,USD,0,$24.99,$24.99,2020-11-06,11040,254,8,Very Positive,11439,1377,12816,268650_1,1,2026-09-06T09:20:04+00:00
268910,Cuphead,game,False,USD,0,$19.99,$19.99,2017-09-29,198305,1932,9,Overwhelmingly Positive,212298,8491,220789,268910_1,1,2026-09-06T09:15:01+00:00
269210,Hero Siege,game,False,USD,0,$7.99,$7.99,2014-01-29,36733,9257,5,Mixed,32029,15660,47689,269210_1,1,2026-09-06T09:13:59+00:00
269770,Secrets of Grindea,game,False,USD,0,$14.99,$14.99,2024-02-29,6984,26,8,Very Positive,7646,940,8586,269770_1,1,2026-09-06T09:40:17+00:00
269950,X-Plane 11,game,False,USD,0,$29.99,$29.99,2017-03-30,19178,417,8,Very Positive,18858,1416,20274,269950_1,1,2026-09-06T09:21:54+00:00
270110,Block Story™,game,False,USD,50,$4.99,$2.49,2015-12-10,1932,52,8,Very Positive,1787,348,2135,270110_1,1,2026-09-06T09:35:41+00:00
270150,RUNNING WITH RIFLES,game,False,USD,0,$14.99,$14.99,2015-04-02,14664,200,8,Very Positive,14715,2037,16752,270150_1,1,2026-09-06T09:32:33+00:00
270880,American Truck Simulator,game,False,USD,0,$19.99,$19.99,2016-02-02,167264,5263,9,Overwhelmingly Positive,189808,6047,195855,270880_1,1,2026-09-06T09:14:00+00:00
271240,Offworld Trading Company,game,False,USD,0,$29.99,$29.99,2016-04-28,3592,22,6,Mostly Positive,4397,1312,5709,271240_1,1,2026-09-06T09:42:01+00:00
271360,Industry Giant 2,game,False,USD,80,$9.99,$1.99,2015-08-14,872,45,8,Very Positive,881,143,1024,271360_1,1,2026-09-06T09:38:20+00:00
272510,NARUTO SHIPPUDEN: Ultimate Ninja STORM Revolution,game,False,USD,67,$29.99,$9.89,2014-09-15,7220,23,8,Very Positive,7596,1404,9000,272510_1,1,2026-09-06T09:34:18+00:00
272600,Detective Grimoire,game,False,USD,80,$6.99,$1.39,2014-08-18,2184,15,9,Overwhelmingly Positive,2484,106,2590,272600_1,1,2026-09-06T09:41:10+00:00
273110,Counter-Strike Nexon,game,True,,,,,2014-10-07,583,189,5,Mixed,28850,14428,43278,273110_1,1,2026-09-06T09:26:58+00:00
273770,Game Tycoon 1.5,game,False,USD,51,$0.99,$0.49,2014-02-11,322,76,1,Overwhelmingly Negative,98,566,664,273770_1,1,2026-09-06T09:27:19+00:00
274170,Hotline Miami 2: Wrong Number,game,False,USD,0,$14.99,$14.99,2015-03-10,69292,370,8,Very Positive,75374,4720,80094,274170_1,1,2026-09-06T09:21:00+00:00
274190,Broforce,game,False,USD,0,$14.99,$14.99,2015-10-15,49501,296,9,Overwhelmingly Positive,59106,1880,60986,274190_1,1,2026-09-06T09:25:48+00:00
274520,Darkwood,game,False,USD,80,$19.99,$3.99,2017-08-17,22184,165,8,Very Positive,23644,1277,24921,274520_1,1,2026-09-06T09:24:56+00:00
274940,Depth,game,False,USD,0,$19.99,$19.99,2014-11-03,23589,32,8,Very Positive,28981,3970,32951,274940_1,1,2026-09-06T09:40:18+00:00
275390,Guacamelee! Super Turbo Championship Edition,game,False,USD,75,$14.99,$3.74,2014-08-21,2624,17,8,Very Positive,6557,537,7094,275390_1,1,2026-09-06T09:38:21+00:00
275850,No Man's Sky,game,False,USD,0,$59.99,$59.99,2016-08-12,312199,8064,8,Very Positive,352946,62039,414985,275850_1,1,2026-09-06T09:13:54+00:00
276810,Mordheim: City of the Damned,game,False,USD,0,$19.99,$19.99,2015-11-19,7042,98,6,Mostly Positive,5928,2498,8426,276810_1,1,2026-09-06T09:27:22+00:00
277450,Imperial Glory,game,False,USD,55,$4.99,$2.24,2014-04-11,1175,47,6,Mostly Positive,1055,297,1352,277450_1,1,2026-09-06T09:36:27+00:00
278080,DYNASTY WARRIORS 8: Xtreme Legends Complete Edition,game,False,USD,0,$49.99,$49.99,2014-05-13,11878,331,8,Very Positive,11840,2272,14112,278080_1,1,2026-09-06T09:30:28+00:00
280220,Creeper World 3: Arc Eternal,game,False,USD,0,$14.99,$14.99,2014-03-27,4094,124,9,Overwhelmingly Positive,4650,175,4825,280220_1,1,2026-09-06T09:25:49+00:00
280620,Fiesta Online,game,True,,,,,2014-04-28,,25,5,Mixed,369,244,613,280620_1,1,2026-09-06T09:41:33+00:00
280790,Creativerse,game,False,USD,60,$24.99,$9.99,2017-05-08,2644,29,6,Mostly Positive,23815,6899,30714,280790_1,1,2026-09-06T09:39:52+00:00
281610,Homeworld: Deserts of Kharak,game,False,USD,90,$49.99,$4.99,2016-01-20,7794,57,6,Mostly Positive,7077,1846,8923,281610_1,1,2026-09-06T09:33:45+00:00
281750,Munin,game,False,USD,84,$4.99,$0.79,2014-06-10,928,178,8,Very Positive,928,201,1129,281750_1,1,2026-09-06T09:19:05+00:00
281990,Stellaris,game,False,USD,0,$49.99,$49.99,2016-05-09,142768,12350,8,Very Positive,168980,28072,197052,281990_1,1,2026-09-06T09:13:43+00:00
282070,This War of Mine,game,False,USD,75,$19.99,$4.99,2014-11-14,89165,1472,8,Very Positive,91633,6015,97648,282070_1,1,2026-09-06T09:18:11+00:00
282140,SOMA,game,False,USD,80,$29.99,$5.99,2015-09-21,46582,157,9,Overwhelmingly Positive,50551,2184,52735,282140_1,1,2026-09-06T09:23:19+00:00
282210,Sid Meier's Starships,game,False,USD,75,$49.99,$12.49,2015-03-12,1963,18,5,Mixed,1244,1231,2475,282210_1,1,2026-09-06T09:40:51+00:00
282440,Quake Live,game,False,USD,0,$9.99,$9.99,2014-09-17,4361,187,8,Very Positive,13741,2138,15879,282440_1,1,2026-09-06T09:20:37+00:00
282800,100% Orange Juice,game,False,USD,0,$6.99,$6.99,2014-05-16,14776,120,8,Very Positive,27459,2702,30161,282800_1,1,2026-09-06T09:28:12+00:00
282900,Hyperdimension Neptunia Re;Birth1,game,False,USD,0,$14.99,$14.99,2015-01-29,10137,22,8,Very Positive,11548,721,12269,282900_1,1,2026-09-06T09:40:52+00:00
283000,Strategic War in Europe,game,False,USD,87,$5.99,$0.77,2014-03-21,,50,5,Mixed,112,111,223,283000_1,1,2026-09-06T09:26:59+00:00
283640,Salt and Sanctuary,game,False,USD,0,$17.99,$17.99,2016-05-17,20074,89,8,Very Positive,19554,2334,21888,283640_1,1,2026-09-06T09:32:56+00:00
283960,Pajama Sam: No Need to Hide When It's Dark Outside,game,False,USD,0,$6.99,$6.99,2014-04-17,1074,14,9,Overwhelmingly Positive,1312,36,1348,283960_1,1,2026-09-06T09:39:04+00:00
284160,BeamNG.drive,game,False,USD,0,$24.99,$24.99,2015-05-29,386919,18867,9,Overwhelmingly Positive,405707,11632,417339,284160_1,1,2026-09-06T09:13:26+00:00
285110,GearCity,game,False,USD,0,$19.99,$19.99,2022-01-14,1412,42,8,Very Positive,1354,154,1508,285110_1,1,2026-09-06T09:36:20+00:00
285160,LEGO® The Hobbit™,game,False,USD,0,$19.99,$19.99,2014-04-08,5076,97,8,Very Positive,8600,2064,10664,285160_1,1,2026-09-06T09:27:40+00:00
285190,"Warhammer 40,000: Dawn of War III",game,False,USD,0,$39.99,$39.99,2017-04-27,14414,114,5,Mixed,11550,12306,23856,285190_1,1,2026-09-06T09:28:00+00:00
285310,RollerCoaster Tycoon®: Deluxe,game,False,USD,0,$5.99,$5.99,2014-05-21,7373,153,8,Very Positive,7825,473,8298,285310_1,1,2026-09-06T09:22:21+00:00
285330,RollerCoaster Tycoon® 2: Triple Thrill Pack,game,False,USD,0,$9.99,$9.99,2014-05-21,5045,101,8,Very Positive,5252,608,5860,285330_1,1,2026-09-06T09:24:08+00:00
285740,Kitty Powers' Matchmaker,game,False,USD,0,$9.99,$9.99,2015-04-22,1776,14,9,Overwhelmingly Positive,1910,76,1986,285740_1,1,2026-09-06T09:42:02+00:00
285900,Gang Beasts,game,False,USD,60,$19.99,$7.99,2017-12-12,54784,332,8,Very Positive,57628,9738,67366,285900_1,1,2026-09-06T09:17:25+00:00
285920,TerraTech,game,False,USD,75,$24.99,$6.24,2018-08-10,20530,501,8,Very Positive,22807,2151,24958,285920_1,1,2026-09-06T09:21:05+00:00
286160,Tabletop Simulator,game,False,USD,0,$19.99,$19.99,2015-06-05,48665,4803,9,Overwhelmingly Positive,71389,3020,74409,286160_1,1,2026-09-06T09:13:58+00:00
286690,Metro 2033 Redux,game,False,USD,0,$19.99,$19.99,2014-08-25,94715,1289,8,Very Positive,130440,10910,141350,286690_1,1,2026-09-06T09:16:43+00:00
287290,Resident Evil Revelations 2,game,False,USD,0,$19.99,$19.99,2015-02-24,25395,179,6,Mostly Positive,25138,6969,32107,287290_1,1,2026-09-06T09:22:42+00:00
287390,Metro: Last Light Redux,game,False,USD,0,$19.99,$19.99,2014-08-25,71239,924,8,Very Positive,74572,7110,81682,287390_1,1,2026-09-06T09:18:06+00:00
287450,Rise of Nations: Extended Edition,game,False,USD,0,$19.99,$19.99,2014-06-12,13334,606,8,Very Positive,15032,846,15878,287450_1,1,2026-09-06T09:17:54+00:00
287700,METAL GEAR SOLID V: THE PHANTOM PAIN,game,False,USD,40,$29.99,$17.99,2015-09-01,72957,2020,8,Very Positive,99122,8893,108015,287700_1,1,2026-09-06T09:15:10+00:00
287980,Mini Metro,game,False,USD,0,$9.99,$9.99,2015-11-06,12781,137,9,Overwhelmingly Positive,16072,667,16739,287980_1,1,2026-09-06T09:27:36+00:00
288160,The Room,game,False,USD,0,$4.99,$4.99,2014-07-28,30390,38,9,Overwhelmingly Positive,31055,719,31774,288160_1,1,2026-09-06T09:36:28+00:00
288470,Fable Anniversary,game,False,USD,0,$34.99,$34.99,2014-09-12,14720,280,8,Very Positive,14248,2320,16568,288470_1,1,2026-09-06T09:20:07+00:00
289070,Sid Meier’s Civilization® VI,game,False,USD,90,$59.99,$5.99,2016-10-20,275721,39529,8,Very Positive,326137,52494,378631,289070_1,1,2026-09-06T09:13:21+00:00
289130,ENDLESS Legend™,game,False,USD,0,$29.99,$29.99,2014-09-18,14407,101,8,Very Positive,15926,3150,19076,289130_1,1,2026-09-06T09:27:04+00:00
289520,King's Bounty: Dark Side,game,False,USD,0,$12.99,$12.99,2014-08-19,1410,115,6,Mostly Positive,1422,505,1927,289520_1,1,2026-09-06T09:31:14+00:00
289650,Assassin's Creed® Unity,game,False,USD,0,$29.99,$29.99,2014-11-11,79004,619,6,Mostly Positive,66561,19029,85590,289650_1,1,2026-09-06T09:20:12+00:00
289930,TransOcean: The Shipping Company,game,False,USD,0,$19.99,$19.99,2014-09-23,829,30,6,Mostly Positive,984,343,1327,289930_1,1,2026-09-06T09:40:54+00:00
290080,Life is Feudal: Your Own,game,False,USD,75,$19.99,$4.99,2015-11-17,8798,208,5,Mixed,7940,4119,12059,290080_1,1,2026-09-06T09:24:38+00:00
290100,Bulwark: Falconeer Chronicles,game,False,USD,50,$19.99,$9.99,2024-03-26,1378,28,8,Very Positive,1240,220,1460,290100_1,1,2026-09-06T09:41:11+00:00
290300,Rebel Galaxy,game,False,USD,80,$19.99,$3.99,2015-10-20,7255,31,8,Very Positive,7133,1256,8389,290300_1,1,2026-09-06T09:38:22+00:00
290340,Armello,game,False,USD,0,$24.99,$24.99,2015-09-01,11012,49,8,Very Positive,13141,2920,16061,290340_1,1,2026-09-06T09:29:30+00:00
290470,Onigiri,game,True,,,,,2019-03-28,,43,6,Mostly Positive,888,358,1246,290470_1,1,2026-09-06T09:36:04+00:00
290730,My Lands: Black Gem Hunting,game,True,,,,,2014-09-16,,77,8,Very Positive,2758,550,3308,290730_1,1,2026-09-06T09:34:31+00:00
291550,Brawlhalla,game,True,,,,,2017-10-17,2890,6392,6,Mostly Positive,328475,83663,412138,291550_1,1,2026-09-06T09:13:36+00:00
291650,Pillars of Eternity,game,False,USD,0,$29.99,$29.99,2015-03-26,16974,322,8,Very Positive,23109,3009,26118,291650_1,1,2026-09-06T09:20:29+00:00
291860,Pit People®,game,False,USD,70,$19.99,$5.99,2018-03-02,7453,23,8,Very Positive,7582,589,8171,291860_1,1,2026-09-06T09:40:19+00:00
292000,No More Room in Hell 2,game,False,USD,0,$29.99,$29.99,2026-08-11,16180,4021,5,Mixed,15382,11981,27363,292000_1,1,2026-09-06T09:14:12+00:00
292030,The Witcher 3: Wild Hunt - Complete Edition,game,False,USD,0,$49.99,$49.99,2015-05-18,832025,19475,9,Overwhelmingly Positive,858034,28813,886847,292030_1,1,2026-09-06T09:13:34+00:00
292120,FINAL FANTASY® XIII,game,False,USD,0,$15.99,$15.99,2014-10-09,16292,302,6,Mostly Positive,14953,4987,19940,292120_1,1,2026-09-06T09:20:49+00:00
292140,FINAL FANTASY® XIII-2,game,False,USD,0,$19.99,$19.99,2014-12-11,5126,96,5,Mixed,3764,2660,6424,292140_1,1,2026-09-06T09:29:10+00:00
292620,Pressured,game,False,USD,0,$2.99,$2.99,2014-07-18,286,23,5,Mixed,271,284,555,292620_1,1,2026-09-06T09:26:19+00:00
292730,Call of Duty®: Infinite Warfare,game,False,USD,75,$59.99,$14.99,2016-11-03,17344,603,5,Mixed,18430,11519,29949,292730_1,1,2026-09-06T09:18:04+00:00
292910,Deponia: The Complete Journey,game,False,USD,0,$29.99,$29.99,2014-07-08,3374,41,8,Very Positive,5781,1078,6859,292910_1,1,2026-09-06T09:39:54+00:00
292990,NOBUNAGA'S AMBITION: Souzou,game,False,USD,0,$24.99,$24.99,2014-08-27,1105,139,8,Very Positive,1075,165,1240,292990_1,1,2026-09-06T09:37:23+00:00
293260,Card Hunter,game,True,,,,,2015-07-13,,17,8,Very Positive,4548,773,5321,293260_1,1,2026-09-06T09:41:35+00:00
293760,Automation - The Car Company Tycoon Game,game,False,USD,0,$29.99,$29.99,2015-03-12,16769,407,8,Very Positive,16838,1108,17946,293760_1,1,2026-09-06T09:18:47+00:00
294100,RimWorld,game,False,USD,0,$34.99,$34.99,2018-10-17,208250,31022,9,Overwhelmingly Positive,240578,5299,245877,294100_1,1,2026-09-06T09:13:23+00:00
294660,Putt-Putt® Saves The Zoo,game,False,USD,0,$6.99,$6.99,2014-07-03,602,26,9,Overwhelmingly Positive,794,26,820,294660_1,1,2026-09-06T09:39:55+00:00
294860,Valkyria Chronicles™,game,False,USD,0,$19.99,$19.99,2014-11-11,10823,51,8,Very Positive,11968,1341,13309,294860_1,1,2026-09-06T09:30:59+00:00
296490,GemCraft - Chasing Shadows,game,False,USD,80,$9.99,$1.99,2015-04-30,3654,103,8,Very Positive,4181,223,4404,296490_1,1,2026-09-06T09:27:05+00:00
297000,Heroes® of Might & Magic® III - HD Edition,game,False,USD,0,$14.99,$14.99,2015-01-28,20098,1675,6,Mostly Positive,19830,5117,24947,297000_1,1,2026-09-06T09:16:13+00:00
298030,Total Annihilation,game,False,USD,0,$4.99,$4.99,2015-12-18,3587,86,9,Overwhelmingly Positive,3629,134,3763,298030_1,1,2026-09-06T09:28:43+00:00
298050,Master of Orion,game,False,USD,0,$24.99,$24.99,2016-08-25,7326,282,6,Mostly Positive,6312,1873,8185,298050_1,1,2026-09-06T09:21:16+00:00
298110,Far Cry® 4,game,False,USD,0,$29.99,$29.99,2014-11-17,68308,1408,8,Very Positive,62346,11325,73671,298110_1,1,2026-09-06T09:16:21+00:00
298610,Ylands,game,True,,,,,2019-12-05,3659,48,5,Mixed,5381,3063,8444,298610_1,1,2026-09-06T09:35:06+00:00
298630,The Escapists,game,False,USD,80,$17.99,$3.59,2015-02-13,14288,41,8,Very Positive,14612,1585,16197,298630_1,1,2026-09-06T09:31:19+00:00
299740,Miscreated,game,False,USD,0,$29.99,$29.99,2018-12-18,23052,67,5,Mixed,20832,10755,31587,299740_1,1,2026-09-06T09:30:36+00:00
299970,Project Motor Racing,game,False,USD,0,$39.99,$39.99,2025-11-25,1162,57,5,Mixed,1064,1444,2508,299970_1,1,2026-09-06T09:31:24+00:00
300380,Road Redemption,game,False,USD,0,$19.99,$19.99,2017-10-04,10869,52,8,Very Positive,11188,2338,13526,300380_1,1,2026-09-06T09:36:05+00:00
300550,Shadowrun: Dragonfall - Director's Cut,game,False,USD,0,$14.99,$14.99,2014-09-18,5407,23,8,Very Positive,5871,702,6573,300550_1,1,2026-09-06T09:37:24+00:00
300970,Fiesta Online NA,game,True,,,,,2014-05-20,,28,5,Mixed,369,244,613,300970_1,1,2026-09-06T09:37:26+00:00
301120,Eastside Hockey Manager,game,False,USD,0,$19.99,$19.99,2015-12-01,1171,91,8,Very Positive,1187,199,1386,301120_1,1,2026-09-06T09:28:23+00:00
301320,NoLimits 2 Roller Coaster Simulation,game,False,USD,0,$39.99,$39.99,2014-08-21,1539,62,9,Overwhelmingly Positive,1635,52,1687,301320_1,1,2026-09-06T09:28:24+00:00
301540,Rhythm Destruction,game,False,USD,0,$4.99,$4.99,2014-06-16,,149,5,Mixed,61,75,136,301540_1,1,2026-09-06T09:26:32+00:00
301640,Zombie Army Trilogy,game,False,USD,0,$44.99,$44.99,2015-03-06,14272,67,8,Very Positive,16077,2687,18764,301640_1,1,2026-09-06T09:29:36+00:00
301750,RADical ROACH Remastered,game,True,,,,,2014-05-16,,32,5,Mixed,628,500,1128,301750_1,1,2026-09-06T09:25:39+00:00
301910,Saints Row: Gat out of Hell,game,False,USD,75,$14.99,$3.74,2015-01-20,7695,22,6,Mostly Positive,7362,2418,9780,301910_1,1,2026-09-06T09:39:29+00:00
302510,Ryse: Son of Rome,game,False,USD,0,$9.99,$9.99,2014-10-10,38212,135,8,Very Positive,39402,5847,45249,302510_1,1,2026-09-06T09:25:52+00:00
302670,Call to Arms,game,False,USD,0,$14.99,$14.99,2018-04-27,17420,128,6,Mostly Positive,19143,4989,24132,302670_1,1,2026-09-06T09:29:02+00:00
303310,The House in Fata Morgana,game,False,USD,0,$24.99,$24.99,2016-05-13,6029,74,8,Very Positive,6334,349,6683,303310_1,1,2026-09-06T09:34:07+00:00
304050,Trove,game,True,,,,,2015-07-09,952,580,6,Mostly Positive,74048,18728,92776,304050_1,1,2026-09-06T09:18:14+00:00
304240,Resident Evil,game,False,USD,0,$19.99,$19.99,2015-01-19,27279,229,8,Very Positive,33533,2787,36320,304240_1,1,2026-09-06T09:21:17+00:00
304390,FOR HONOR™,game,False,USD,0,$29.99,$29.99,2017-02-13,108080,2803,5,Mixed,113261,51075,164336,304390_1,1,2026-09-06T09:14:30+00:00
304410,Hexcells Infinite,game,False,USD,0,$4.99,$4.99,2014-09-01,4126,156,9,Overwhelmingly Positive,4561,142,4703,304410_1,1,2026-09-06T09:25:44+00:00
304430,INSIDE,game,False,USD,0,$24.99,$24.99,2016-07-07,69705,106,9,Overwhelmingly Positive,73564,2279,75843,304430_1,1,2026-09-06T09:30:04+00:00
304650,SUNLESS SEA,game,False,USD,0,$18.99,$18.99,2015-02-06,7617,46,8,Very Positive,7938,1620,9558,304650_1,1,2026-09-06T09:32:15+00:00
304930,Unturned,game,True,,,,,2017-07-07,7495,11442,8,Very Positive,513889,50741,564630,304930_1,1,2026-09-06T09:13:50+00:00
305620,The Long Dark,game,False,USD,66,$19.99,$6.79,2017-08-01,111612,3247,8,Very Positive,109907,13709,123616,305620_1,1,2026-09-06T09:15:11+00:00
306020,Bloons TD 5,game,False,USD,0,$9.99,$9.99,2014-11-19,10771,123,8,Very Positive,11332,637,11969,306020_1,1,2026-09-06T09:26:50+00:00
306130,The Elder Scrolls® Online,game,False,USD,0,$19.99,$19.99,2017-05-22,134335,7766,8,Very Positive,130697,30870,161567,306130_1,1,2026-09-06T09:13:53+00:00
306290,"7,62 Hard Life",game,False,USD,0,$6.99,$6.99,2015-10-01,507,21,6,Mostly Positive,476,132,608,306290_1,1,2026-09-06T09:42:04+00:00
307110,We Need To Go Deeper,game,False,USD,0,$15.99,$15.99,2019-08-01,4653,11,8,Very Positive,5200,849,6049,307110_1,1,2026-09-06T09:39:56+00:00
307350,Nux,game,False,USD,0,$6.99,$6.99,2014-08-15,,79,4,Mostly Negative,185,289,474,307350_1,1,2026-09-06T09:26:06+00:00
307690,Sleeping Dogs: Definitive Edition,game,False,USD,0,$19.99,$19.99,2014-10-08,70347,759,8,Very Positive,74801,4689,79490,307690_1,1,2026-09-06T09:18:15+00:00
307780,Mortal Kombat X,game,False,USD,0,$19.99,$19.99,2015-04-13,39319,318,8,Very Positive,52438,8311,60749,307780_1,1,2026-09-06T09:19:01+00:00
307950,Caliber,game,True,,,,,2023-04-12,,712,6,Mostly Positive,16994,5696,22690,307950_1,1,2026-09-06T09:21:26+00:00
307960,IL-2 Sturmovik: Battle of Stalingrad,game,False,USD,0,$49.99,$49.99,2014-10-22,8721,199,6,Mostly Positive,7858,2072,9930,307960_1,1,2026-09-06T09:23:49+00:00
308600,Skillshot City,game,True,,,,,2017-05-23,120,97,8,Very Positive,2941,510,3451,308600_1,1,2026-09-06T09:27:09+00:00
310360,Higurashi When They Cry Hou - Ch.1 Onikakushi,game,True,,,,,2015-05-15,1435,62,9,Overwhelmingly Positive,6542,242,6784,310360_1,1,2026-09-06T09:31:57+00:00
310950,Street Fighter V,game,False,USD,50,$19.99,$9.99,2016-02-15,27806,119,5,Mixed,30100,14109,44209,310950_1,1,2026-09-06T09:24:57+00:00
311210,Call of Duty®: Black Ops III,game,False,USD,75,$59.99,$14.99,2015-11-05,156980,4895,8,Very Positive,198402,34595,232997,311210_1,1,2026-09-06T09:13:47+00:00
311260,The Guild 3,game,False,USD,0,$29.99,$29.99,2022-06-14,7111,111,5,Mixed,4829,3182,8011,311260_1,1,2026-09-06T09:28:31+00:00
311310,Naval Action,game,False,USD,0,$19.99,$19.99,2019-06-13,10182,223,5,Mixed,7672,7134,14806,311310_1,1,2026-09-06T09:23:12+00:00
311340,METAL GEAR SOLID V: GROUND ZEROES,game,False,USD,40,$29.99,$17.99,2014-12-18,13489,145,8,Very Positive,15434,2763,18197,311340_1,1,2026-09-06T09:26:20+00:00
311560,Assassin’s Creed® Rogue,game,False,USD,0,$19.99,$19.99,2015-03-09,21277,189,8,Very Positive,19272,3012,22284,311560_1,1,2026-09-06T09:24:03+00:00
311690,Enter the Gungeon,game,False,USD,0,$14.99,$14.99,2016-04-05,79341,712,9,Overwhelmingly Positive,85399,4396,89795,311690_1,1,2026-09-06T09:17:22+00:00
311730,DEAD OR ALIVE 5 Last Round: Core Fighters,game,True,,,,,2015-03-30,4450,34,5,Mixed,7331,3185,10516,311730_1,1,2026-09-06T09:37:27+00:00
311770,LEGO® Pirates of the Caribbean: The Video Game,game,False,USD,0,$19.99,$19.99,2014-10-06,3558,55,8,Very Positive,5215,517,5732,311770_1,1,2026-09-06T09:31:58+00:00
312450,Order of Battle: World War II,game,True,,,,,2015-04-30,540,166,6,Mostly Positive,2489,681,3170,312450_1,1,2026-09-06T09:24:43+00:00
312520,Rain World,game,False,USD,65,$24.99,$8.74,2017-03-28,46520,1841,8,Very Positive,53301,3573,56874,312520_1,1,2026-09-06T09:16:05+00:00
312530,Duck Game,game,False,USD,0,$12.99,$12.99,2015-06-04,25253,41,9,Overwhelmingly Positive,37704,1339,39043,312530_1,1,2026-09-06T09:26:29+00:00
312640,Power-Up,game,False,USD,0,$2.99,$2.99,2014-08-29,,0,5,Mixed,156,112,268,312640_1,1,2026-09-06T09:39:05+00:00
312660,Sniper Elite 4,game,False,USD,0,$59.99,$59.99,2017-02-13,54099,918,8,Very Positive,57471,5491,62962,312660_1,1,2026-09-06T09:19:08+00:00
312670,Strange Brigade,game,False,USD,90,$49.99,$4.99,2018-08-27,8292,46,8,Very Positive,9541,1773,11314,312670_1,1,2026-09-06T09:33:46+00:00
312750,Final Fantasy IV (3D Remake),game,False,USD,0,$15.99,$15.99,2014-09-17,2729,61,8,Very Positive,2720,515,3235,312750_1,1,2026-09-06T09:32:57+00:00
312840,Fahrenheit: Indigo Prophecy Remastered,game,False,USD,0,$9.99,$9.99,2015-01-28,6720,27,6,Mostly Positive,6986,1845,8831,312840_1,1,2026-09-06T09:37:28+00:00
313120,Stranded Deep,game,False,USD,50,$19.99,$9.99,2022-08-10,43585,445,6,Mostly Positive,35481,12360,47841,313120_1,1,2026-09-06T09:19:19+00:00
313160,Farming Simulator 15,game,False,USD,0,$12.99,$12.99,2014-10-30,13301,153,8,Very Positive,14671,1189,15860,313160_1,1,2026-09-06T09:28:35+00:00
313340,Mountain,game,False,USD,0,$0.99,$0.99,2014-08-18,12923,37,8,Very Positive,14364,1930,16294,313340_1,1,2026-09-06T09:39:06+00:00
313480,Blitzkrieg Anthology,game,False,USD,0,$4.99,$4.99,2014-09-16,1390,59,8,Very Positive,1402,152,1554,313480_1,1,2026-09-06T09:35:22+00:00
313690,LEGO® Batman™ 3: Beyond Gotham,game,False,USD,0,$19.99,$19.99,2014-11-11,7505,130,8,Very Positive,9293,1224,10517,313690_1,1,2026-09-06T09:23:58+00:00
314160,Microsoft Flight Simulator X: Steam Edition,game,False,USD,0,$24.99,$24.99,2014-12-18,23332,396,8,Very Positive,22955,3556,26511,314160_1,1,2026-09-06T09:19:55+00:00
314430,M.A.R.S.,game,True,,,,,2021-10-28,,23,5,Mixed,743,420,1163,314430_1,1,2026-09-06T09:39:30+00:00
314650,SpaceEngine,game,False,USD,0,$29.99,$29.99,2019-06-11,15754,220,9,Overwhelmingly Positive,15879,638,16517,314650_1,1,2026-09-06T09:22:29+00:00
314810,Randal's Monday,game,False,USD,90,$19.99,$1.99,2014-11-12,1407,121,6,Mostly Positive,1396,389,1785,314810_1,1,2026-09-06T09:25:25+00:00
314830,Blackguards 2,game,False,USD,90,$9.99,$0.99,2015-01-20,956,69,5,Mixed,878,437,1315,314830_1,1,2026-09-06T09:35:53+00:00
314980,Supreme Ruler Ultimate,game,False,USD,0,$19.99,$19.99,2014-10-17,1169,18,6,Mostly Positive,965,289,1254,314980_1,1,2026-09-06T09:37:43+00:00
315210,Suicide Squad: Kill the Justice League,game,False,USD,0,$69.99,$69.99,2024-02-02,12697,54,5,Mixed,11062,7005,18067,315210_1,1,2026-09-06T09:29:24+00:00
316790,Grim Fandango Remastered,game,False,USD,0,$14.99,$14.99,2015-01-26,7122,15,8,Very Positive,8080,839,8919,316790_1,1,2026-09-06T09:41:13+00:00
317470,Cubic Castles,game,True,,,,,2014-08-13,,29,6,Mostly Positive,3178,1102,4280,317470_1,1,2026-09-06T09:39:07+00:00
318020,Act of Aggression - Reboot Edition,game,False,USD,0,$29.99,$29.99,2015-09-02,2479,41,5,Mixed,2223,1102,3325,318020_1,1,2026-09-06T09:40:21+00:00
319510,Five Nights at Freddy's,game,False,USD,0,$4.99,$4.99,2014-08-19,53544,88,8,Very Positive,55600,3659,59259,319510_1,1,2026-09-06T09:25:34+00:00
319630,Life is Strange - Episode 1,game,True,,,,,2015-01-29,125026,338,9,Overwhelmingly Positive,169258,6589,175847,319630_1,1,2026-09-06T09:19:17+00:00
320240,We Happy Few,game,False,USD,0,$59.99,$59.99,2018-08-10,11199,31,6,Mostly Positive,10577,3195,13772,320240_1,1,2026-09-06T09:36:06+00:00
320430,Ascension: Deckbuilding Game,game,False,USD,0,$9.99,$9.99,2014-12-16,1435,46,8,Very Positive,1524,197,1721,320430_1,1,2026-09-06T09:31:59+00:00
321360,Primal Carnage: Extinction,game,False,USD,0,$12.99,$12.99,2015-04-03,8276,26,8,Very Positive,8253,1656,9909,321360_1,1,2026-09-06T09:34:19+00:00
321800,Icewind Dale: Enhanced Edition,game,False,USD,0,$19.99,$19.99,2014-10-30,3104,97,8,Very Positive,3316,369,3685,321800_1,1,2026-09-06T09:27:32+00:00
321960,Might & Magic® Heroes® VII,game,False,USD,0,$29.99,$29.99,2015-09-29,6835,190,5,Mixed,3930,3258,7188,321960_1,1,2026-09-06T09:27:06+00:00
322170,Geometry Dash,game,False,USD,0,$4.99,$4.99,2014-12-22,592952,36258,8,Very Positive,595031,44721,639752,322170_1,1,2026-09-06T09:13:09+00:00
322330,Don't Starve Together,game,False,USD,66,$14.99,$5.09,2016-04-21,375763,45849,8,Very Positive,514992,27596,542588,322330_1,1,2026-09-06T09:13:39+00:00
322500,SUPERHOT,game,False,USD,0,$24.99,$24.99,2016-02-25,27758,51,8,Very Positive,37281,3446,40727,322500_1,1,2026-09-06T09:31:38+00:00
323190,Frostpunk,game,False,USD,0,$29.99,$29.99,2018-04-24,114268,2139,8,Very Positive,127269,9969,137238,323190_1,1,2026-09-06T09:16:16+00:00
323470,DRAGON BALL XENOVERSE,game,False,USD,90,$64.98,$6.49,2015-02-26,17530,41,8,Very Positive,20001,2237,22238,323470_1,1,2026-09-06T09:26:44+00:00
323720,Decay: The Mare,game,False,USD,84,$4.99,$0.79,2015-02-13,1673,295,6,Mostly Positive,1579,498,2077,323720_1,1,2026-09-06T09:35:16+00:00
323850,Move or Die,game,False,USD,0,$14.99,$14.99,2016-01-21,16474,14,8,Very Positive,20783,2521,23304,323850_1,1,2026-09-06T09:35:54+00:00
324080,Rising World,game,False,USD,0,$14.99,$14.99,2014-12-03,5292,129,8,Very Positive,5134,855,5989,324080_1,1,2026-09-06T09:26:31+00:00
324160,CLANNAD,game,False,USD,65,$44.99,$15.74,2015-11-23,9882,153,9,Overwhelmingly Positive,10781,171,10952,324160_1,1,2026-09-06T09:30:38+00:00
324680,Impossible Creatures Steam Edition,game,False,USD,0,$9.99,$9.99,2015-11-11,1591,22,9,Overwhelmingly Positive,1771,78,1849,324680_1,1,2026-09-06T09:41:36+00:00
324800,Shadow Warrior 2,game,False,USD,0,$29.99,$29.99,2016-10-13,24100,74,8,Very Positive,24539,3642,28181,324800_1,1,2026-09-06T09:36:30+00:00
324810,TOXIKK™,game,True,,,,,2016-09-10,1295,66,6,Mostly Positive,4572,1358,5930,324810_1,1,2026-09-06T09:32:59+00:00
325610,Total War: ATTILA,game,False,USD,0,$19.99,$19.99,2015-02-17,26883,2370,8,Very Positive,31088,6621,37709,325610_1,1,2026-09-06T09:15:25+00:00
326360,Warspear Online,game,True,,,,,2017-11-02,,139,6,Mostly Positive,2265,886,3151,326360_1,1,2026-09-06T09:25:58+00:00
326460,ShellShock Live,game,False,USD,0,$9.99,$9.99,2020-05-22,29332,163,8,Very Positive,33095,2511,35606,326460_1,1,2026-09-06T09:21:32+00:00
326990,Deep Eclipse: New Space Odyssey,game,False,USD,89,$6.99,$0.76,2014-10-28,166,2,5,Mixed,172,89,261,326990_1,1,2026-09-06T09:30:41+00:00
327030,Worms W.M.D,game,False,USD,0,$29.99,$29.99,2016-08-23,10413,155,8,Very Positive,12688,2217,14905,327030_1,1,2026-09-06T09:21:40+00:00
327070,Gloria Victis: Medieval MMORPG,game,True,,,,,2026-06-17,8032,496,5,Mixed,8145,3825,11970,327070_1,1,2026-09-06T09:18:53+00:00
327220,Anna's Quest,game,False,USD,90,$19.99,$1.99,2015-07-02,1826,58,8,Very Positive,2249,303,2552,327220_1,1,2026-09-06T09:19:35+00:00
327400,Sid Meier's Colonization (Classic),game,False,USD,0,$6.99,$6.99,2014-10-09,1041,150,9,Overwhelmingly Positive,1107,44,1151,327400_1,1,2026-09-06T09:25:59+00:00
329050,Devil May Cry 4 Special Edition,game,False,USD,70,$24.99,$7.49,2015-06-23,16911,208,8,Very Positive,19510,2904,22414,329050_1,1,2026-09-06T09:22:39+00:00
329110,Gems of War - Puzzle RPG,game,True,,,,,2014-11-20,,1028,6,Mostly Positive,8507,2312,10819,329110_1,1,2026-09-06T09:18:05+00:00
329430,State of Decay: YOSE,game,False,USD,80,$19.99,$3.99,2015-04-27,10498,121,8,Very Positive,10843,2316,13159,329430_1,1,2026-09-06T09:25:26+00:00
329440,Sonic Lost World,game,False,USD,0,$29.99,$29.99,2015-11-02,4129,7,5,Mixed,3464,2138,5602,329440_1,1,2026-09-06T09:40:22+00:00
330020,Children of Morta,game,False,USD,0,$21.99,$21.99,2019-09-03,18118,70,8,Very Positive,20451,2682,23133,330020_1,1,2026-09-06T09:28:20+00:00
330830,Tales from the Borderlands,game,False,USD,0,$19.99,$19.99,2021-02-16,15137,20,8,Very Positive,18458,1109,19567,330830_1,1,2026-09-06T09:39:31+00:00
331470,Everlasting Summer,game,True,,,,,2014-11-19,535,275,8,Very Positive,73739,4359,78098,331470_1,1,2026-09-06T09:22:06+00:00
331600,One Piece Pirate Warriors 3,game,False,USD,90,$51.98,$5.19,2015-08-27,8455,32,6,Mostly Positive,8504,2415,10919,331600_1,1,2026-09-06T09:37:44+00:00
331670,The Jackbox Party Pack,game,False,USD,0,$24.99,$24.99,2014-11-26,1465,17,8,Very Positive,1738,181,1919,331670_1,1,2026-09-06T09:37:30+00:00
331920,Airline Tycoon Deluxe,game,False,USD,80,$9.99,$1.99,2014-11-14,604,29,8,Very Positive,571,108,679,331920_1,1,2026-09-06T09:41:37+00:00
332310,LEGO® Worlds,game,False,USD,0,$29.99,$29.99,2017-03-07,12482,65,6,Mostly Positive,12252,3399,15651,332310_1,1,2026-09-06T09:31:16+00:00
332570,Amazing Frog?,game,False,USD,0,$19.99,$19.99,2014-11-21,11152,29,8,Very Positive,11038,660,11698,332570_1,1,2026-09-06T09:34:20+00:00
332800,Five Nights at Freddy's 2,game,False,USD,0,$7.99,$7.99,2014-11-10,23826,34,8,Very Positive,24491,1652,26143,332800_1,1,2026-09-06T09:31:33+00:00
332950,Dark Deception,game,True,,,,,2018-09-26,1352,230,8,Very Positive,21437,2826,24263,332950_1,1,2026-09-06T09:28:36+00:00
333300,ADOM (Ancient Domains Of Mystery),game,False,USD,0,$14.99,$14.99,2015-11-16,1253,34,8,Very Positive,1358,259,1617,333300_1,1,2026-09-06T09:37:45+00:00
333420,Cossacks 3,game,False,USD,0,$19.99,$19.99,2016-09-20,12381,734,8,Very Positive,13293,2860,16153,333420_1,1,2026-09-06T09:18:44+00:00
333600,NEKOPARA Vol. 1,game,False,USD,0,$9.99,$9.99,2014-12-29,23388,44,9,Overwhelmingly Positive,26084,1361,27445,333600_1,1,2026-09-06T09:38:35+00:00
333640,Caves of Qud,game,False,USD,0,$29.99,$29.99,2024-12-05,11865,239,9,Overwhelmingly Positive,12001,625,12626,333640_1,1,2026-09-06T09:20:50+00:00
333930,Dirty Bomb®,game,True,,,,,2015-06-02,1262,18,8,Very Positive,46202,10618,56820,333930_1,1,2026-09-06T09:36:31+00:00
334230,Town of Salem,game,False,USD,0,$4.99,$4.99,2014-12-15,30888,107,8,Very Positive,31861,4398,36259,334230_1,1,2026-09-06T09:25:27+00:00
334920,Zero-K,game,True,,,,,2018-04-27,,69,8,Very Positive,4102,274,4376,334920_1,1,2026-09-06T09:28:25+00:00
335070,VRC PRO,game,False,USD,0,$44.99,$44.99,2015-03-24,935,26,8,Very Positive,850,127,977,335070_1,1,2026-09-06T09:39:58+00:00
335240,Transformice,game,True,,,,,2015-01-30,262,451,8,Very Positive,25490,3456,28946,335240_1,1,2026-09-06T09:16:29+00:00
335300,DARK SOULS™ II: Scholar of the First Sin,game,False,USD,0,$39.99,$39.99,2015-04-01,83617,1482,8,Very Positive,110603,21234,131837,335300_1,1,2026-09-06T09:15:45+00:00
335620,Star Traders: Frontiers,game,False,USD,0,$14.99,$14.99,2018-07-31,3670,26,8,Very Positive,3180,628,3808,335620_1,1,2026-09-06T09:39:08+00:00
336150,Virtual Pool 4,game,False,USD,0,$24.99,$24.99,2015-05-11,768,43,8,Very Positive,700,143,843,336150_1,1,2026-09-06T09:38:46+00:00
337000,Deus Ex: Mankind Divided,game,False,USD,0,$29.99,$29.99,2016-08-23,30677,191,6,Mostly Positive,32305,9950,42255,337000_1,1,2026-09-06T09:23:13+00:00
337320,Paint the Town Red,game,False,USD,0,$19.99,$19.99,2021-07-29,29109,246,9,Overwhelmingly Positive,31200,1304,32504,337320_1,1,2026-09-06T09:24:51+00:00
337410,Karos,game,True,,,,,2014-12-24,,633,5,Mixed,927,483,1410,337410_1,1,2026-09-06T09:18:56+00:00
339190,Dead Synchronicity: Tomorrow Comes Today,game,False,USD,90,$9.99,$0.99,2015-04-10,1194,771,8,Very Positive,1364,270,1634,339190_1,1,2026-09-06T09:18:57+00:00
339340,Resident Evil 0,game,False,USD,0,$19.99,$19.99,2016-01-19,14353,114,8,Very Positive,15748,3915,19663,339340_1,1,2026-09-06T09:24:20+00:00
339610,Freestyle 2: Street Basketball,game,True,,,,,2015-04-01,142,81,6,Mostly Positive,9162,3574,12736,339610_1,1,2026-09-06T09:38:37+00:00
339800,HuniePop,game,False,USD,0,$9.99,$9.99,2015-01-19,23996,81,9,Overwhelmingly Positive,30271,1403,31674,339800_1,1,2026-09-06T09:27:56+00:00
341310,Greyfox RPG,game,False,USD,0,$1.99,$1.99,2015-02-23,2017,59,6,Mostly Positive,1845,494,2339,341310_1,1,2026-09-06T09:28:26+00:00
341800,Keep Talking and Nobody Explodes,game,False,USD,0,$14.99,$14.99,2015-10-08,14316,109,9,Overwhelmingly Positive,16653,467,17120,341800_1,1,2026-09-06T09:24:46+00:00
341940,Hatred,game,False,USD,75,$5.99,$1.49,2015-06-01,25659,170,8,Very Positive,25158,4636,29794,341940_1,1,2026-09-06T09:27:54+00:00
342200,MechWarrior Online™ Legends,game,True,,,,,2015-12-10,155,215,8,Very Positive,10305,2516,12821,342200_1,1,2026-09-06T09:19:30+00:00
342560,Airships: Conquer the Skies,game,False,USD,0,$24.99,$24.99,2018-08-16,6188,56,9,Overwhelmingly Positive,6334,271,6605,342560_1,1,2026-09-06T09:33:58+00:00
342940,Project: Gorgon,game,False,USD,0,$24.99,$24.99,2026-01-28,4693,240,8,Very Positive,4161,904,5065,342940_1,1,2026-09-06T09:19:32+00:00
343340,Tiamat X,game,False,USD,0,$1.99,$1.99,2015-05-29,,0,4,Mostly Negative,42,83,125,343340_1,1,2026-09-06T09:41:14+00:00
343780,Cat Goes Fishing,game,False,USD,0,$6.99,$6.99,2015-01-19,15406,125,8,Very Positive,15553,962,16515,343780_1,1,2026-09-06T09:30:32+00:00
345240,SHOGUN: Total War™ - Collection,game,False,USD,0,$9.99,$9.99,2015-06-25,1004,79,8,Very Positive,1047,132,1179,345240_1,1,2026-09-06T09:31:20+00:00
345260,Medieval: Total War™ - Collection,game,False,USD,0,$9.99,$9.99,2015-06-25,2217,138,6,Mostly Positive,1749,709,2458,345260_1,1,2026-09-06T09:26:21+00:00
345350,LIGHTNING RETURNS™: FINAL FANTASY® XIII,game,False,USD,0,$19.99,$19.99,2015-12-10,4105,73,6,Mostly Positive,3809,1022,4831,345350_1,1,2026-09-06T09:33:05+00:00
346010,Besiege,game,False,USD,0,$14.99,$14.99,2020-02-18,48011,327,9,Overwhelmingly Positive,50627,2587,53214,346010_1,1,2026-09-06T09:24:44+00:00
346110,ARK: Survival Evolved,game,False,USD,34,$14.99,$9.89,2017-08-27,586217,19324,8,Very Positive,647615,129534,777149,346110_1,1,2026-09-06T09:13:38+00:00
346900,AdVenture Capitalist,game,True,,,,,2015-03-30,505,578,8,Very Positive,52892,7509,60401,346900_1,1,2026-09-06T09:17:07+00:00
346940,Shadowrun: Hong Kong - Extended Edition,game,False,USD,0,$19.99,$19.99,2015-08-20,3586,25,8,Very Positive,4197,645,4842,346940_1,1,2026-09-06T09:37:59+00:00
348550,GUILTY GEAR XX ACCENT CORE PLUS R,game,False,USD,0,$14.99,$14.99,2015-05-26,5563,48,9,Overwhelmingly Positive,7427,290,7717,348550_1,1,2026-09-06T09:30:16+00:00
349040,NARUTO SHIPPUDEN: Ultimate Ninja STORM 4,game,False,USD,25,$19.99,$14.99,2016-02-04,72362,398,8,Very Positive,82674,8030,90704,349040_1,1,2026-09-06T09:19:07+00:00
350080,Wolfenstein: The Old Blood,game,False,USD,0,$19.99,$19.99,2015-05-04,18034,136,8,Very Positive,21336,2289,23625,350080_1,1,2026-09-06T09:27:48+00:00
350640,Sherlock Holmes: The Devil's Daughter,game,False,USD,0,$29.99,$29.99,2016-06-10,12056,30,6,Mostly Positive,11554,2935,14489,350640_1,1,2026-09-06T09:37:46+00:00
351030,Pixel Puzzles Ultimate Jigsaw Puzzles,game,True,,,,,2022-08-29,533,71,6,Mostly Positive,2118,678,2796,351030_1,1,2026-09-06T09:34:09+00:00
351510,Quiplash,game,False,USD,0,$9.99,$9.99,2015-06-30,996,28,8,Very Positive,2025,242,2267,351510_1,1,2026-09-06T09:34:22+00:00
351860,Cultures - Northland,game,False,USD,84,$4.99,$0.79,2015-03-26,598,735,8,Very Positive,573,120,693,351860_1,1,2026-09-06T09:18:55+00:00
351970,Tales of Zestiria,game,False,USD,0,$49.99,$49.99,2015-10-19,7188,34,6,Mostly Positive,7422,1894,9316,351970_1,1,2026-09-06T09:38:00+00:00
352400,LEGO® Jurassic World,game,False,USD,0,$19.99,$19.99,2015-06-11,7775,183,8,Very Positive,10548,843,11391,352400_1,1,2026-09-06T09:26:01+00:00
352720,The Universim,game,False,USD,0,$29.99,$29.99,2024-01-22,8461,56,6,Mostly Positive,8474,2182,10656,352720_1,1,2026-09-06T09:33:22+00:00
354140,Five Nights at Freddy's 3,game,False,USD,0,$7.99,$7.99,2015-03-02,10375,14,8,Very Positive,10238,1111,11349,354140_1,1,2026-09-06T09:41:15+00:00
354290,LoveBeat,game,True,,,,,2016-01-13,,116,6,Mostly Positive,1278,413,1691,354290_1,1,2026-09-06T09:24:40+00:00
355790,Styx: Shards of Darkness,game,False,USD,0,$19.99,$19.99,2017-03-14,5070,36,8,Very Positive,5806,1176,6982,355790_1,1,2026-09-06T09:42:05+00:00
356190,Middle-earth™: Shadow of War™,game,False,USD,0,$49.99,$49.99,2017-10-09,87609,2248,8,Very Positive,103933,12918,116851,356190_1,1,2026-09-06T09:15:14+00:00
356500,STAR WARS™ Galactic Battlegrounds Saga,game,False,USD,0,$5.99,$5.99,2016-03-01,3953,110,8,Very Positive,4297,402,4699,356500_1,1,2026-09-06T09:25:28+00:00
356570,Party Hard,game,False,USD,0,$9.99,$9.99,2015-08-25,9766,22,8,Very Positive,11395,1244,12639,356570_1,1,2026-09-06T09:39:32+00:00
357070,UBERMOSH,game,False,USD,90,$4.99,$0.49,2015-08-13,8711,227,8,Very Positive,8359,681,9040,357070_1,1,2026-09-06T09:25:55+00:00
357190,ULTIMATE MARVEL VS. CAPCOM 3,game,False,USD,80,$24.99,$4.99,2017-03-06,6523,126,8,Very Positive,7222,646,7868,357190_1,1,2026-09-06T09:21:46+00:00
359320,Elite Dangerous,game,False,USD,70,$19.99,$5.99,2015-04-02,82256,5045,6,Mostly Positive,83077,24405,107482,359320_1,1,2026-09-06T09:14:18+00:00
359510,Tangle Tower,game,False,USD,80,$19.99,$3.99,2019-10-22,6434,64,9,Overwhelmingly Positive,6408,332,6740,359510_1,1,2026-09-06T09:30:08+00:00
359550,Tom Clancy's Rainbow Six Siege,game,True,,,,,2015-12-01,1252486,50081,8,Very Positive,1272856,276506,1549362,359550_1,1,2026-09-06T09:12:57+00:00
359870,FINAL FANTASY X/X-2 HD Remaster,game,False,USD,0,$29.99,$29.99,2016-05-12,19802,799,8,Very Positive,20716,2848,23564,359870_1,1,2026-09-06T09:17:30+00:00
360430,Mafia III: Definitive Edition,game,False,USD,0,$29.99,$29.99,2020-05-19,41471,1307,5,Mixed,36839,27322,64161,360430_1,1,2026-09-06T09:16:55+00:00
361280,Turmoil,game,False,USD,70,$12.99,$3.89,2016-06-02,13132,371,8,Very Positive,15000,1132,16132,361280_1,1,2026-09-06T09:24:53+00:00
361420,ASTRONEER,game,False,USD,75,$29.99,$7.49,2019-02-05,118701,2446,8,Very Positive,127937,11256,139193,361420_1,1,2026-09-06T09:15:20+00:00
362490,Exanima,game,False,USD,0,$14.99,$14.99,2015-04-29,12651,90,8,Very Positive,11148,2773,13921,362490_1,1,2026-09-06T09:28:44+00:00
362620,Software Inc.,game,False,USD,0,$22.99,$22.99,2015-05-01,7565,210,8,Very Positive,7370,453,7823,362620_1,1,2026-09-06T09:23:04+00:00
362680,Fran Bow,game,False,USD,0,$14.99,$14.99,2015-08-27,20522,80,9,Overwhelmingly Positive,22371,591,22962,362680_1,1,2026-09-06T09:28:38+00:00
362890,Black Mesa,game,False,USD,0,$19.99,$19.99,2020-03-06,134631,500,8,Very Positive,137359,7300,144659,362890_1,1,2026-09-06T09:18:38+00:00
362930,Garfield Kart,game,False,USD,0,$4.99,$4.99,2015-10-16,9664,31,8,Very Positive,12367,1781,14148,362930_1,1,2026-09-06T09:39:10+00:00
362960,Tyranny,game,False,USD,0,$29.99,$29.99,2016-11-10,9874,76,8,Very Positive,11592,1746,13338,362960_1,1,2026-09-06T09:30:39+00:00
363090,NOBUNAGA'S AMBITION: Kakushin with Power Up Kit,game,False,USD,0,$54.99,$54.99,2015-06-25,328,259,8,Very Positive,284,66,350,363090_1,1,2026-09-06T09:27:01+00:00
363110,NOBUNAGA'S AMBITION: Tendou with Power Up Kit,game,False,USD,0,$54.99,$54.99,2015-06-25,229,242,8,Very Positive,196,43,239,363110_1,1,2026-09-06T09:27:44+00:00
363150,Romance of the Three Kingdoms XIII,game,False,USD,0,$59.99,$59.99,2016-01-27,5822,663,5,Mixed,4417,3197,7614,363150_1,1,2026-09-06T09:21:34+00:00
363440,Mega Man Legacy Collection,game,False,USD,67,$14.99,$4.94,2015-08-24,3802,89,8,Very Positive,4655,730,5385,363440_1,1,2026-09-06T09:25:10+00:00
363680,Battlefleet Gothic: Armada (Classic),game,False,USD,90,$14.99,$1.49,2016-04-21,5131,25,5,Mixed,4156,1906,6062,363680_1,1,2026-09-06T09:38:38+00:00
363970,Clicker Heroes,game,True,,,,,2015-05-13,750,1779,8,Very Positive,55690,6459,62149,363970_1,1,2026-09-06T09:15:52+00:00
364360,Total War: WARHAMMER,game,False,USD,0,$59.99,$59.99,2016-05-24,32628,328,6,Mostly Positive,41091,11241,52332,364360_1,1,2026-09-06T09:21:28+00:00
365360,Battle Brothers,game,False,USD,70,$29.99,$8.99,2017-03-24,26019,2365,8,Very Positive,25301,3433,28734,365360_1,1,2026-09-06T09:15:42+00:00
365450,Hacknet,game,False,USD,85,$9.99,$1.49,2015-08-12,16891,67,8,Very Positive,24423,1691,26114,365450_1,1,2026-09-06T09:33:47+00:00
365590,Tom Clancy’s The Division™,game,False,USD,0,$29.99,$29.99,2016-03-07,76960,423,6,Mostly Positive,68583,28152,96735,365590_1,1,2026-09-06T09:20:38+00:00
365960,rFactor 2,game,False,USD,0,$29.99,$29.99,2015-11-12,6831,222,6,Mostly Positive,7252,1964,9216,365960_1,1,2026-09-06T09:25:22+00:00
366090,Colony Survival,game,False,USD,0,$24.95,$24.95,2017-06-16,8245,125,8,Very Positive,8279,710,8989,366090_1,1,2026-09-06T09:26:15+00:00
366220,Wurm Unlimited,game,False,USD,0,$29.99,$29.99,2015-10-21,1878,68,6,Mostly Positive,2242,895,3137,366220_1,1,2026-09-06T09:29:51+00:00
366250,METAL SLUG,game,False,USD,0,$7.99,$7.99,2015-06-25,4492,20,8,Very Positive,4686,582,5268,366250_1,1,2026-09-06T09:40:23+00:00
367270,Angels Fall First,game,False,USD,0,$17.99,$17.99,2026-07-11,3822,10,8,Very Positive,3313,753,4066,367270_1,1,2026-09-06T09:40:25+00:00
367450,Poly Bridge,game,False,USD,0,$9.99,$9.99,2016-07-12,17097,103,8,Very Positive,17200,1715,18915,367450_1,1,2026-09-06T09:29:58+00:00
367500,Dragon's Dogma: Dark Arisen,game,False,USD,0,$29.99,$29.99,2016-01-15,37392,410,8,Very Positive,43367,5673,49040,367500_1,1,2026-09-06T09:19:39+00:00
367520,Hollow Knight,game,False,USD,0,$14.99,$14.99,2017-02-24,501736,7798,9,Overwhelmingly Positive,542841,17264,560105,367520_1,1,2026-09-06T09:14:08+00:00
368070,Sniper Ghost Warrior 3,game,False,USD,0,$19.99,$19.99,2017-04-24,15125,160,5,Mixed,13139,6505,19644,368070_1,1,2026-09-06T09:28:10+00:00
368230,Kingdom: Classic,game,True,,,,,2015-10-21,5975,64,8,Very Positive,20594,2127,22721,368230_1,1,2026-09-06T09:34:32+00:00
368260,Marvel's Midnight Suns,game,False,USD,0,$59.99,$59.99,2022-12-01,16990,574,8,Very Positive,19890,4475,24365,368260_1,1,2026-09-06T09:18:00+00:00
368340,CrossCode,game,False,USD,0,$19.99,$19.99,2018-09-20,16340,113,8,Very Positive,17011,1405,18416,368340_1,1,2026-09-06T09:26:25+00:00
368360,60 Seconds!,game,False,USD,0,$8.99,$8.99,2015-05-25,10485,20,8,Very Positive,9928,1762,11690,368360_1,1,2026-09-06T09:41:16+00:00
368500,Assassin's Creed® Syndicate,game,False,USD,0,$29.99,$29.99,2015-11-18,31067,340,8,Very Positive,26484,6591,33075,368500_1,1,2026-09-06T09:23:18+00:00
369990,"Gremlins, Inc.",game,False,USD,0,$19.99,$19.99,2016-03-10,6661,151,8,Very Positive,7363,1302,8665,369990_1,1,2026-09-06T09:35:07+00:00
370730,NOBUNAGA'S AMBITION: Tenshouki with Power Up Kit HD Version,game,False,USD,0,$54.99,$54.99,2015-11-11,,95,5,Mixed,43,29,72,370730_1,1,2026-09-06T09:32:16+00:00
371660,Far Cry® Primal,game,False,USD,0,$29.99,$29.99,2016-02-29,38715,477,8,Very Positive,35570,5608,41178,371660_1,1,2026-09-06T09:20:25+00:00
371970,Barony,game,False,USD,0,$19.99,$19.99,2015-06-23,12651,528,8,Very Positive,16288,1686,17974,371970_1,1,2026-09-06T09:16:19+00:00
372000,Tree of Savior (English Ver.),game,True,,,,,2016-03-28,5753,209,5,Mixed,13088,7389,20477,372000_1,1,2026-09-06T09:23:32+00:00
372360,Tales of Symphonia,game,False,USD,0,$19.99,$19.99,2016-02-01,4365,36,8,Very Positive,4441,761,5202,372360_1,1,2026-09-06T09:32:34+00:00
372800,RPG MO,game,True,,,,,2015-08-18,,60,6,Mostly Positive,2329,637,2966,372800_1,1,2026-09-06T09:34:42+00:00
373420,Divinity: Original Sin - Enhanced Edition,game,False,USD,0,$39.99,$39.99,2015-10-27,27421,856,8,Very Positive,29419,3551,32970,373420_1,1,2026-09-06T09:18:01+00:00
373930,Sudden Strike 4,game,False,USD,80,$19.99,$3.99,2017-08-11,6229,213,6,Mostly Positive,6520,1814,8334,373930_1,1,2026-09-06T09:28:39+00:00
374040,Portal Knights,game,False,USD,0,$19.99,$19.99,2017-05-18,16873,132,8,Very Positive,18639,3713,22352,374040_1,1,2026-09-06T09:28:45+00:00
374190,Infernax,game,False,USD,50,$19.99,$9.99,2022-02-14,2120,25,8,Very Positive,2099,155,2254,374190_1,1,2026-09-06T09:41:18+00:00
374280,Hired Ops,game,True,,,,,2021-04-13,2554,97,5,Mixed,10917,5239,16156,374280_1,1,2026-09-06T09:35:18+00:00
374320,DARK SOULS™ III,game,False,USD,0,$59.99,$59.99,2016-04-11,277865,4228,8,Very Positive,414754,24862,439616,374320_1,1,2026-09-06T09:14:41+00:00
375450,NOBUNAGA'S AMBITION: Sphere of Influence - Ascension,game,False,USD,0,$59.99,$59.99,2016-03-23,814,435,6,Mostly Positive,779,320,1099,375450_1,1,2026-09-06T09:23:07+00:00
375480,Chronicon,game,False,USD,0,$13.99,$13.99,2020-08-21,8820,104,8,Very Positive,9145,574,9719,375480_1,1,2026-09-06T09:33:48+00:00
375530,"Football, Tactics & Glory",game,False,USD,0,$24.99,$24.99,2018-06-01,3992,109,8,Very Positive,3813,563,4376,375530_1,1,2026-09-06T09:31:00+00:00
375910,Anno 2205™,game,False,USD,0,$39.99,$39.99,2015-11-02,6112,70,6,Mostly Positive,4446,1895,6341,375910_1,1,2026-09-06T09:34:34+00:00
375950,Viridi,game,True,,,,,2015-08-19,129,72,8,Very Positive,8877,774,9651,375950_1,1,2026-09-06T09:31:22+00:00
376210,The Isle,game,False,USD,0,$19.99,$19.99,2015-12-01,110675,19810,8,Very Positive,96214,23789,120003,376210_1,1,2026-09-06T09:13:30+00:00
376680,Splendor,game,False,USD,80,$9.99,$1.99,2015-09-17,1027,56,6,Mostly Positive,1189,314,1503,376680_1,1,2026-09-06T09:34:43+00:00
377160,Fallout 4,game,False,USD,0,$19.99,$19.99,2015-11-09,290302,10754,8,Very Positive,348078,80747,428825,377160_1,1,2026-09-06T09:13:40+00:00
377530,侠客风云传(Tale of Wuxia),game,False,USD,0,$16.99,$16.99,2016-04-28,6496,199,6,Mostly Positive,5845,1793,7638,377530_1,1,2026-09-06T09:36:07+00:00
377840,FINAL FANTASY IX,game,False,USD,0,$20.99,$20.99,2016-04-14,12404,354,9,Overwhelmingly Positive,13588,697,14285,377840_1,1,2026-09-06T09:20:59+00:00
378540,The Surge,game,False,USD,87,$14.99,$1.94,2017-05-15,9123,94,6,Mostly Positive,9116,3106,12222,378540_1,1,2026-09-06T09:30:17+00:00
378760,Pixel Starships,game,True,,,,,2023-05-23,,149,6,Mostly Positive,2196,813,3009,378760_1,1,2026-09-06T09:27:42+00:00
379430,Kingdom Come: Deliverance,game,False,USD,0,$29.99,$29.99,2018-02-13,143003,4256,8,Very Positive,156499,28897,185396,379430_1,1,2026-09-06T09:14:50+00:00
379720,DOOM,game,False,USD,0,$19.99,$19.99,2016-05-12,155281,609,9,Overwhelmingly Positive,211554,9918,221472,379720_1,1,2026-09-06T09:18:12+00:00
380600,Fishing Planet,game,True,,,,,2017-08-28,556,4154,8,Very Positive,67114,10176,77290,380600_1,1,2026-09-06T09:15:09+00:00
381210,Dead by Daylight,game,False,USD,0,$19.99,$19.99,2016-06-14,683899,42065,6,Mostly Positive,730841,202032,932873,381210_1,1,2026-09-06T09:13:10+00:00
382140,SKYHILL,game,False,USD,90,$9.99,$0.99,2015-10-06,4732,370,6,Mostly Positive,4515,1249,5764,382140_1,1,2026-09-06T09:29:11+00:00
382310,Eco,game,False,USD,0,$29.99,$29.99,2018-02-06,11371,856,8,Very Positive,11350,2720,14070,382310_1,1,2026-09-06T09:17:28+00:00
383080,Sakura Clicker,game,True,,,,,2015-07-29,228,50,8,Very Positive,11909,2411,14320,383080_1,1,2026-09-06T09:35:09+00:00
383120,Empyrion - Galactic Survival,game,False,USD,60,$19.99,$7.99,2020-08-05,29193,794,6,Mostly Positive,26981,7430,34411,383120_1,1,2026-09-06T09:17:13+00:00
383150,Dead Island Definitive Edition,game,False,USD,90,$19.99,$1.99,2016-05-31,24005,381,8,Very Positive,23124,5116,28240,383150_1,1,2026-09-06T09:19:50+00:00
383180,Dead Island: Riptide Definitive Edition,game,False,USD,90,$19.99,$1.99,2016-05-31,6156,97,6,Mostly Positive,9261,3762,13023,383180_1,1,2026-09-06T09:29:03+00:00
383870,Firewatch,game,False,USD,0,$19.99,$19.99,2016-02-09,93636,88,8,Very Positive,90010,9388,99398,383870_1,1,2026-09-06T09:30:00+00:00
383980,Rivals of Aether,game,False,USD,0,$29.99,$29.99,2017-03-28,33265,143,9,Overwhelmingly Positive,36613,1544,38157,383980_1,1,2026-09-06T09:20:00+00:00
384030,Florensia,game,True,,,,,2016-11-29,,50,5,Mixed,577,249,826,384030_1,1,2026-09-06T09:37:31+00:00
384110,Pathologic Classic HD,game,False,USD,0,$12.99,$12.99,2015-10-29,3923,33,8,Very Positive,4030,577,4607,384110_1,1,2026-09-06T09:41:38+00:00
384180,Prominence Poker,game,True,,,,,2016-12-12,,122,8,Very Positive,7192,1413,8605,384180_1,1,2026-09-06T09:28:46+00:00
385770,Time Clickers,game,True,,,,,2015-07-23,,118,8,Very Positive,4463,663,5126,385770_1,1,2026-09-06T09:27:03+00:00
386070,Planetary Annihilation: TITANS,game,False,USD,0,$29.99,$29.99,2015-08-18,11393,173,8,Very Positive,12403,2291,14694,386070_1,1,2026-09-06T09:24:05+00:00
386180,Crossout,game,True,,,,,2017-07-26,881,1505,6,Mostly Positive,52483,17413,69896,386180_1,1,2026-09-06T09:17:23+00:00
386360,SMITE®,game,True,,,,,2015-09-08,1387,674,6,Mostly Positive,94343,25561,119904,386360_1,1,2026-09-06T09:16:07+00:00
386940,Ultimate Chicken Horse,game,False,USD,0,$14.99,$14.99,2016-03-04,41004,394,9,Overwhelmingly Positive,51220,2269,53489,386940_1,1,2026-09-06T09:19:29+00:00
387290,Ori and the Blind Forest: Definitive Edition,game,False,USD,0,$19.99,$19.99,2016-04-27,62643,403,9,Overwhelmingly Positive,67932,3532,71464,387290_1,1,2026-09-06T09:24:15+00:00
387990,Scrap Mechanic,game,False,USD,33,$28.99,$19.42,2026-07-24,109177,6531,8,Very Positive,112493,10025,122518,387990_1,1,2026-09-06T09:14:16+00:00
388090,Five Nights at Freddy's 4,game,False,USD,0,$7.99,$7.99,2015-07-23,15452,25,8,Very Positive,15755,1196,16951,388090_1,1,2026-09-06T09:33:24+00:00
388410,Darksiders II Deathinitive Edition,game,False,USD,0,$29.99,$29.99,2015-11-05,16272,199,6,Mostly Positive,16292,4416,20708,388410_1,1,2026-09-06T09:25:17+00:00
389270,Through Abandoned: The Underground City,game,False,USD,88,$5.99,$0.71,2015-07-22,656,0,6,Mostly Positive,777,229,1006,389270_1,1,2026-09-06T09:24:21+00:00
389430,Knight Online,game,True,,,,,2016-01-25,110,1973,5,Mixed,5699,5568,11267,389430_1,1,2026-09-06T09:15:32+00:00
389570,Mitos.is: The Game,game,True,,,,,2015-07-29,174,14,8,Very Positive,9763,2290,12053,389570_1,1,2026-09-06T09:37:47+00:00
389730,TEKKEN 7,game,False,USD,85,$39.99,$5.99,2017-06-01,67956,725,8,Very Positive,79705,15660,95365,389730_1,1,2026-09-06T09:18:59+00:00
390290,Bulb Boy,game,False,USD,0,$8.99,$8.99,2015-10-29,591,25,8,Very Positive,1941,315,2256,390290_1,1,2026-09-06T09:42:06+00:00
391000,Farm Frenzy Collection,game,False,USD,0,$19.99,$19.99,2015-08-21,542,86,9,Overwhelmingly Positive,572,28,600,391000_1,1,2026-09-06T09:35:55+00:00
391220,Rise of the Tomb Raider™,game,False,USD,85,$29.99,$4.49,2016-02-09,126951,3025,8,Very Positive,146628,9066,155694,391220_1,1,2026-09-06T09:16:10+00:00
391540,Undertale,game,False,USD,75,$9.99,$2.49,2015-09-15,305901,2328,9,Overwhelmingly Positive,327794,11889,339683,391540_1,1,2026-09-06T09:14:56+00:00
391720,Layers of Fear (2016),game,False,USD,90,$19.99,$1.99,2016-02-15,13148,84,8,Very Positive,24484,3217,27701,391720_1,1,2026-09-06T09:35:42+00:00
391730,Crashlands,game,False,USD,70,$14.99,$4.49,2016-01-21,5544,134,8,Very Positive,6046,706,6752,391730_1,1,2026-09-06T09:37:48+00:00
392110,ENDLESS Space™ 2,game,False,USD,0,$39.99,$39.99,2017-05-18,17264,511,8,Very Positive,19226,3849,23075,392110_1,1,2026-09-06T09:19:00+00:00
392160,X4: Foundations,game,False,USD,0,$49.99,$49.99,2018-11-30,25175,3575,6,Mostly Positive,24065,6037,30102,392160_1,1,2026-09-06T09:14:52+00:00
393080,Call of Duty®: Modern Warfare® Remastered (2017),game,False,USD,50,$39.99,$19.99,2017-07-27,13026,222,5,Mixed,8596,7181,15777,393080_1,1,2026-09-06T09:28:21+00:00
393380,Squad,game,False,USD,0,$39.99,$39.99,2020-09-23,180200,11199,8,Very Positive,197394,45614,243008,393380_1,1,2026-09-06T09:14:13+00:00
393420,Hurtworld,game,False,USD,0,$24.99,$24.99,2019-12-10,23635,68,6,Mostly Positive,23563,7400,30963,393420_1,1,2026-09-06T09:36:08+00:00
394310,Punch Club,game,False,USD,0,$9.99,$9.99,2016-01-08,12084,33,8,Very Positive,12660,3117,15777,394310_1,1,2026-09-06T09:36:32+00:00
394360,Hearts of Iron IV,game,False,USD,0,$49.99,$49.99,2016-06-06,282759,42789,8,Very Positive,338473,37591,376064,394360_1,1,2026-09-06T09:13:19+00:00
394510,HELLDIVERS™ Dive Harder Edition,game,False,USD,0,$19.99,$19.99,2015-12-07,25645,144,8,Very Positive,30192,3208,33400,394510_1,1,2026-09-06T09:28:13+00:00
394690,Tower Unite,game,False,USD,0,$19.99,$19.99,2025-04-19,16232,159,8,Very Positive,19557,2245,21802,394690_1,1,2026-09-06T09:21:35+00:00
396160,Secret Of Magia,game,False,USD,0,$1.99,$1.99,2015-08-21,884,161,5,Mixed,547,467,1014,396160_1,1,2026-09-06T09:31:46+00:00
396750,EVERSPACE™,game,False,USD,0,$19.99,$19.99,2017-05-25,9803,27,6,Mostly Positive,8981,2491,11472,396750_1,1,2026-09-06T09:36:55+00:00
397060,Faeria,game,False,USD,0,$19.99,$19.99,2017-03-08,1519,35,8,Very Positive,6023,1189,7212,397060_1,1,2026-09-06T09:41:39+00:00
397340,SimplePlanes,game,False,USD,0,$12.99,$12.99,2015-12-17,9806,40,8,Very Positive,10164,742,10906,397340_1,1,2026-09-06T09:37:09+00:00
397350,Lords of the Realm II,game,False,USD,76,$2.99,$0.71,2015-12-03,1633,110,9,Overwhelmingly Positive,1639,68,1707,397350_1,1,2026-09-06T09:25:40+00:00
397430,Zoombinis,game,False,USD,0,$11.99,$11.99,2015-10-28,1127,16,8,Very Positive,1249,82,1331,397430_1,1,2026-09-06T09:40:55+00:00
397460,The Jackbox Party Pack 2,game,False,USD,0,$24.99,$24.99,2015-10-13,1445,17,9,Overwhelmingly Positive,2077,106,2183,397460_1,1,2026-09-06T09:30:53+00:00
397540,Borderlands 3,game,False,USD,0,$59.99,$59.99,2020-03-13,127761,2163,8,Very Positive,132771,31088,163859,397540_1,1,2026-09-06T09:15:39+00:00
397900,Business Tour - Board Game with Online Multiplayer(大富翁),game,True,,,,,2017-07-27,,284,5,Mixed,47862,32505,80367,397900_1,1,2026-09-06T09:17:38+00:00
397950,Clustertruck,game,False,USD,0,$14.99,$14.99,2016-09-27,14695,30,8,Very Positive,17317,1188,18505,397950_1,1,2026-09-06T09:36:10+00:00
399810,Call of Cthulhu®,game,False,USD,85,$19.99,$2.99,2018-10-29,10933,49,6,Mostly Positive,11003,2880,13883,399810_1,1,2026-09-06T09:35:00+00:00
400750,Call to Arms - Gates of Hell: Ostfront,game,False,USD,0,$34.99,$34.99,2021-06-11,32060,4703,8,Very Positive,28951,5028,33979,400750_1,1,2026-09-06T09:14:51+00:00
402840,Crusaders of the Lost Idols,game,True,,,,,2015-10-13,,155,8,Very Positive,2500,517,3017,402840_1,1,2026-09-06T09:26:02+00:00
403120,THE GAME OF LIFE,game,False,USD,80,$6.49,$1.29,2015-11-03,2210,13,6,Mostly Positive,1968,758,2726,403120_1,1,2026-09-06T09:38:48+00:00
403190,Planetbase,game,False,USD,0,$14.99,$14.99,2015-10-15,9548,145,6,Mostly Positive,8331,2113,10444,403190_1,1,2026-09-06T09:26:33+00:00
403640,Dishonored 2,game,False,USD,0,$29.99,$29.99,2016-11-11,42911,620,8,Very Positive,59917,6881,66798,403640_1,1,2026-09-06T09:20:09+00:00
404040,Lords of Magic: Special Edition,game,False,USD,90,$12.99,$1.29,2015-12-03,533,13,8,Very Positive,513,43,556,404040_1,1,2026-09-06T09:40:26+00:00
404410,Endless Sky,game,True,,,,,2015-10-30,,72,8,Very Positive,6545,549,7094,404410_1,1,2026-09-06T09:28:57+00:00
405290,Charlie Murder,game,False,USD,0,$9.99,$9.99,2017-05-12,2607,16,9,Overwhelmingly Positive,2814,120,2934,405290_1,1,2026-09-06T09:41:19+00:00
405310,LEGO® MARVEL's Avengers,game,False,USD,0,$19.99,$19.99,2016-01-26,5978,182,8,Very Positive,8003,1061,9064,405310_1,1,2026-09-06T09:24:48+00:00
405900,Disgaea PC,game,False,USD,0,$19.99,$19.99,2016-02-24,4290,39,8,Very Positive,4202,614,4816,405900_1,1,2026-09-06T09:34:44+00:00
406290,Twilight Struggle,game,False,USD,0,$9.99,$9.99,2016-04-13,2568,59,8,Very Positive,2579,405,2984,406290_1,1,2026-09-06T09:32:17+00:00
406550,Umineko When They Cry - Question Arcs,game,False,USD,0,$24.99,$24.99,2016-07-08,2620,58,9,Overwhelmingly Positive,2720,139,2859,406550_1,1,2026-09-06T09:32:19+00:00
407130,Tank Mechanic Simulator,game,False,USD,0,$19.99,$19.99,2020-02-20,8772,88,8,Very Positive,8240,1170,9410,407130_1,1,2026-09-06T09:31:10+00:00
407230,Legend of Mysteria RPG,game,False,USD,0,$1.99,$1.99,2015-10-09,820,109,6,Mostly Positive,669,264,933,407230_1,1,2026-09-06T09:22:35+00:00
408410,X-Morph: Defense,game,False,USD,90,$19.99,$1.99,2017-08-30,3225,488,8,Very Positive,3819,356,4175,408410_1,1,2026-09-06T09:24:36+00:00
409710,BioShock™ Remastered,game,False,USD,0,$19.99,$19.99,2016-09-15,52392,369,8,Very Positive,54029,10964,64993,409710_1,1,2026-09-06T09:19:20+00:00
409720,BioShock™ 2 Remastered,game,False,USD,0,$19.99,$19.99,2016-09-15,24243,184,6,Mostly Positive,21777,8427,30204,409720_1,1,2026-09-06T09:23:14+00:00
410320,EARTH DEFENSE FORCE 4.1 The Shadow of New Despair,game,False,USD,0,$19.99,$19.99,2016-07-18,7767,138,8,Very Positive,10002,529,10531,410320_1,1,2026-09-06T09:27:24+00:00
410340,Liftoff®: FPV Drone Racing,game,False,USD,0,$19.99,$19.99,2018-09-13,13571,604,9,Overwhelmingly Positive,13286,667,13953,410340_1,1,2026-09-06T09:21:22+00:00
410890,Higurashi When They Cry Hou - Ch.2 Watanagashi,game,False,USD,50,$7.99,$3.99,2015-11-13,1723,43,9,Overwhelmingly Positive,1906,61,1967,410890_1,1,2026-09-06T09:38:49+00:00
410900,Forts,game,False,USD,0,$14.99,$14.99,2017-04-19,21165,476,8,Very Positive,23284,2065,25349,410900_1,1,2026-09-06T09:22:10+00:00
410970,Master of Orion 1,game,False,USD,0,$5.99,$5.99,2016-02-25,439,42,8,Very Positive,408,45,453,410970_1,1,2026-09-06T09:32:00+00:00
410980,Master of Orion 2,game,False,USD,0,$5.99,$5.99,2016-02-25,1654,127,9,Overwhelmingly Positive,1690,62,1752,410980_1,1,2026-09-06T09:24:47+00:00
411300,ELEX,game,False,USD,0,$29.99,$29.99,2017-10-17,12436,118,6,Mostly Positive,14580,5034,19614,411300_1,1,2026-09-06T09:35:43+00:00
412020,Metro Exodus,game,False,USD,0,$29.99,$29.99,2020-02-14,117236,1616,8,Very Positive,121983,13622,135605,412020_1,1,2026-09-06T09:18:07+00:00
412220,DDNet,game,True,,,,,2020-08-17,,2396,8,Very Positive,40907,5586,46493,412220_1,1,2026-09-06T09:17:14+00:00
412830,STEINS;GATE,game,False,USD,0,$29.99,$29.99,2016-09-08,25210,354,9,Overwhelmingly Positive,26182,790,26972,412830_1,1,2026-09-06T09:26:26+00:00
413150,Stardew Valley,game,False,USD,0,$14.99,$14.99,2016-02-26,892409,66905,9,Overwhelmingly Positive,1020928,15760,1036688,413150_1,1,2026-09-06T09:13:12+00:00
413410,Danganronpa: Trigger Happy Havoc,game,False,USD,0,$19.99,$19.99,2016-02-18,35980,409,9,Overwhelmingly Positive,36819,1540,38359,413410_1,1,2026-09-06T09:21:08+00:00
413420,Danganronpa 2: Goodbye Despair,game,False,USD,0,$19.99,$19.99,2016-04-18,30852,543,9,Overwhelmingly Positive,31317,1383,32700,413420_1,1,2026-09-06T09:19:51+00:00
414340,Hellblade: Senua's Sacrifice,game,False,USD,0,$29.99,$29.99,2017-08-07,66738,41,8,Very Positive,68790,7751,76541,414340_1,1,2026-09-06T09:32:10+00:00
414700,Outlast 2,game,False,USD,0,$19.99,$19.99,2017-04-24,54174,215,8,Very Positive,58583,5898,64481,414700_1,1,2026-09-06T09:23:48+00:00
415200,Motorsport Manager,game,False,USD,0,$19.99,$19.99,2016-11-09,11491,264,8,Very Positive,13029,1182,14211,415200_1,1,2026-09-06T09:23:38+00:00
415600,Kart Racing Pro,game,False,USD,0,$39.99,$39.99,2017-07-14,1035,70,8,Very Positive,952,125,1077,415600_1,1,2026-09-06T09:32:01+00:00
416450,Emporea: Realms of War and Magic,game,True,,,,,2016-06-08,,37,5,Mixed,369,171,540,416450_1,1,2026-09-06T09:40:56+00:00
418030,Subsistence,game,False,USD,30,$13.99,$9.79,2016-10-25,12429,238,6,Mostly Positive,9919,3860,13779,418030_1,1,2026-09-06T09:23:52+00:00
418240,Shadow Tactics: Blades of the Shogun,game,False,USD,90,$39.99,$3.99,2016-12-06,30824,194,9,Overwhelmingly Positive,36904,1529,38433,418240_1,1,2026-09-06T09:30:43+00:00
418370,Resident Evil 7 Biohazard,game,False,USD,0,$19.99,$19.99,2017-01-23,87436,1070,9,Overwhelmingly Positive,120474,5956,126430,418370_1,1,2026-09-06T09:17:05+00:00
418460,Rising Storm 2: Vietnam,game,False,USD,0,$24.99,$24.99,2017-05-30,42622,214,8,Very Positive,51527,7673,59200,418460_1,1,2026-09-06T09:22:46+00:00
418530,Spelunky 2,game,False,USD,0,$19.99,$19.99,2020-09-29,19708,263,8,Very Positive,20356,1578,21934,418530_1,1,2026-09-06T09:20:31+00:00
420000,Home Design 3D,game,False,USD,0,$9.99,$9.99,2015-11-20,2350,68,6,Mostly Positive,2060,688,2748,420000_1,1,2026-09-06T09:34:45+00:00
420530,OneShot,game,False,USD,0,$9.99,$9.99,2016-12-08,59041,79,9,Overwhelmingly Positive,63792,1138,64930,420530_1,1,2026-09-06T09:29:52+00:00
420790,StarBreak,game,True,,,,,2016-05-10,,28,6,Mostly Positive,1025,279,1304,420790_1,1,2026-09-06T09:35:28+00:00
422900,Particle Fleet: Emergence,game,False,USD,0,$14.99,$14.99,2016-09-29,1197,26,8,Very Positive,1186,97,1283,422900_1,1,2026-09-06T09:39:11+00:00
422970,Devil Daggers,game,False,USD,0,$9.99,$9.99,2016-02-18,7435,35,9,Overwhelmingly Positive,9046,442,9488,422970_1,1,2026-09-06T09:38:50+00:00
423230,Furi,game,False,USD,70,$19.99,$5.99,2016-07-05,11231,29,8,Very Positive,12635,1414,14049,423230_1,1,2026-09-06T09:40:57+00:00
423580,Project Highrise,game,False,USD,0,$19.99,$19.99,2016-09-08,3878,65,8,Very Positive,4088,726,4814,423580_1,1,2026-09-06T09:33:06+00:00
424030,War of Rights,game,False,USD,0,$29.99,$29.99,2018-12-03,13413,42,8,Very Positive,13311,1741,15052,424030_1,1,2026-09-06T09:16:58+00:00
424370,Wolcen: Lords of Mayhem,game,False,USD,0,$19.99,$19.99,2020-02-13,61821,94,5,Mixed,37993,29993,67986,424370_1,1,2026-09-06T09:31:47+00:00
424840,Little Nightmares,game,False,USD,0,$19.99,$19.99,2017-04-27,52164,163,8,Very Positive,110444,6105,116549,424840_1,1,2026-09-06T09:27:13+00:00
425580,The Room Two,game,False,USD,0,$4.99,$4.99,2016-07-05,21031,42,9,Overwhelmingly Positive,21240,538,21778,425580_1,1,2026-09-06T09:39:34+00:00
426000,HunieCam Studio,game,False,USD,0,$6.99,$6.99,2016-04-04,5191,32,8,Very Positive,5800,812,6612,426000_1,1,2026-09-06T09:34:35+00:00
427100,Fernbus Simulator,game,False,USD,0,$29.99,$29.99,2016-08-25,8065,205,6,Mostly Positive,8974,3180,12154,427100_1,1,2026-09-06T09:32:26+00:00
427190,DEAD RISING®,game,False,USD,0,$9.99,$9.99,2016-09-12,5743,19,8,Very Positive,6410,850,7260,427190_1,1,2026-09-06T09:33:49+00:00
427290,Vampyr,game,False,USD,90,$39.99,$3.99,2018-06-04,19987,250,6,Mostly Positive,19516,5679,25195,427290_1,1,2026-09-06T09:22:38+00:00
427410,Abiotic Factor,game,False,USD,20,$34.99,$27.99,2025-07-22,41841,3123,9,Overwhelmingly Positive,56308,2480,58788,427410_1,1,2026-09-06T09:14:38+00:00
427520,Factorio,game,False,USD,0,$35.00,$35.00,2020-08-14,195227,18114,9,Overwhelmingly Positive,228449,5831,234280,427520_1,1,2026-09-06T09:13:32+00:00
427730,Who's Your Daddy?!,game,False,USD,0,$9.99,$9.99,2016-05-13,25790,100,6,Mostly Positive,25553,6397,31950,427730_1,1,2026-09-06T09:30:47+00:00
428690,Youtubers Life,game,False,USD,50,$19.99,$9.99,2017-02-02,13745,51,6,Mostly Positive,11936,3481,15417,428690_1,1,2026-09-06T09:37:32+00:00
429050,Feed and Grow: Fish,game,False,USD,0,$14.99,$14.99,2016-01-08,20709,204,6,Mostly Positive,16974,4724,21698,429050_1,1,2026-09-06T09:24:26+00:00
429660,Tales of Berseria™,game,False,USD,0,$49.99,$49.99,2017-01-26,14375,48,8,Very Positive,17253,1658,18911,429660_1,1,2026-09-06T09:35:24+00:00
429790,AdventureQuest 3D,game,True,,,,,2022-10-28,,89,8,Very Positive,7945,1797,9742,429790_1,1,2026-09-06T09:26:09+00:00
431240,Golf With Your Friends,game,False,USD,0,$14.99,$14.99,2020-05-19,50647,579,8,Very Positive,65935,9608,75543,431240_1,1,2026-09-06T09:16:03+00:00
431600,Automobilista,game,False,USD,0,$19.99,$19.99,2016-08-24,1712,15,8,Very Positive,2329,273,2602,431600_1,1,2026-09-06T09:38:39+00:00
432350,Epic Battle Fantasy 5,game,False,USD,0,$24.99,$24.99,2018-11-30,5632,58,9,Overwhelmingly Positive,6023,87,6110,432350_1,1,2026-09-06T09:35:30+00:00
433340,Slime Rancher,game,False,USD,75,$19.99,$4.99,2017-08-01,139129,1179,9,Overwhelmingly Positive,153760,3130,156890,433340_1,1,2026-09-06T09:16:31+00:00
434050,Duke Nukem 3D: 20th Anniversary World Tour,game,False,USD,0,$19.99,$19.99,2016-10-11,5471,53,8,Very Positive,5566,1022,6588,434050_1,1,2026-09-06T09:35:56+00:00
434170,The Jackbox Party Pack 3,game,False,USD,0,$24.99,$24.99,2016-10-17,5135,118,9,Overwhelmingly Positive,6442,219,6661,434170_1,1,2026-09-06T09:20:20+00:00
434650,Lost Castle / 失落城堡,game,False,USD,70,$9.99,$2.99,2016-08-31,18411,315,8,Very Positive,20725,3242,23967,434650_1,1,2026-09-06T09:34:23+00:00
435120,Rusty Lake Hotel,game,False,USD,0,$1.99,$1.99,2016-01-29,7301,161,9,Overwhelmingly Positive,10161,423,10584,435120_1,1,2026-09-06T09:35:25+00:00
435150,Divinity: Original Sin 2 - Definitive Edition,game,False,USD,0,$44.99,$44.99,2017-09-14,180568,5159,9,Overwhelmingly Positive,196814,8964,205778,435150_1,1,2026-09-06T09:14:36+00:00
436150,Governor of Poker 3,game,True,,,,,2016-02-19,,590,5,Mixed,11050,5284,16334,436150_1,1,2026-09-06T09:21:19+00:00
436670,The Legend of Heroes: Trails in the Sky the 3rd,game,False,USD,25,$29.99,$22.49,2017-05-03,2146,28,8,Very Positive,2437,139,2576,436670_1,1,2026-09-06T09:38:23+00:00
436780,Tavern Keeper 🍻,game,False,USD,20,$29.99,$23.99,2025-11-03,4537,165,8,Very Positive,4378,274,4652,436780_1,1,2026-09-06T09:25:05+00:00
437920,Tricky Towers,game,False,USD,0,$14.99,$14.99,2016-08-02,12384,44,8,Very Positive,14872,1617,16489,437920_1,1,2026-09-06T09:31:25+00:00
438040,Shakes and Fidget,game,True,,,,,2016-02-24,183,1568,8,Very Positive,33914,2932,36846,438040_1,1,2026-09-06T09:17:45+00:00
438100,VRChat,game,True,,,,,2017-02-01,146,47585,6,Mostly Positive,201685,66676,268361,438100_1,1,2026-09-06T09:13:07+00:00
438140,Star Realms,game,True,,,,,2016-03-08,170,37,8,Very Positive,1938,296,2234,438140_1,1,2026-09-06T09:35:19+00:00
438480,Rock 'N' Roll Defense,game,False,USD,90,$4.99,$0.49,2016-08-10,3648,15,8,Very Positive,3453,514,3967,438480_1,1,2026-09-06T09:40:58+00:00
438490,GOD EATER 2 Rage Burst,game,False,USD,90,$49.99,$4.99,2016-08-29,3505,44,6,Mostly Positive,3684,1056,4740,438490_1,1,2026-09-06T09:40:59+00:00
440650,Niche - a genetics survival game,game,False,USD,80,$17.99,$3.59,2017-09-21,4353,19,8,Very Positive,4510,723,5233,440650_1,1,2026-09-06T09:37:10+00:00
440900,Conan Exiles Enhanced,game,False,USD,50,$39.99,$19.99,2018-05-08,79602,6593,6,Mostly Positive,92747,24607,117354,440900_1,1,2026-09-06T09:14:01+00:00
442070,Drawful 2,game,False,USD,0,$9.99,$9.99,2016-06-20,821,19,6,Mostly Positive,3112,1056,4168,442070_1,1,2026-09-06T09:35:44+00:00
442120,Pinball FX Classic,game,True,,,,,2017-09-26,1462,67,8,Very Positive,4762,671,5433,442120_1,1,2026-09-06T09:30:24+00:00
443110,Armored Warfare,game,True,,,,,2017-11-17,,123,5,Mixed,3398,1977,5375,443110_1,1,2026-09-06T09:32:53+00:00
443810,This Is the Police,game,False,USD,0,$14.99,$14.99,2016-08-02,9150,62,8,Very Positive,9242,1986,11228,443810_1,1,2026-09-06T09:36:57+00:00
444090,Paladins®,game,True,,,,,2018-05-08,8720,541,8,Very Positive,293732,51676,345408,444090_1,1,2026-09-06T09:16:51+00:00
444200,World of Tanks Blitz,game,True,,,,,2016-11-09,929,6384,6,Mostly Positive,119411,33918,153329,444200_1,1,2026-09-06T09:15:05+00:00
444640,Bloons TD Battles,game,True,,,,,2016-04-20,339,195,8,Very Positive,26582,2736,29318,444640_1,1,2026-09-06T09:24:49+00:00
444930,Zaccaria Pinball,game,True,,,,,2025-10-16,214,25,6,Mostly Positive,1820,478,2298,444930_1,1,2026-09-06T09:38:52+00:00
444940,UBERMOSH:BLACK,game,False,USD,0,$0.99,$0.99,2016-02-17,1739,22,8,Very Positive,1666,193,1859,444940_1,1,2026-09-06T09:34:10+00:00
445220,Avorion,game,False,USD,0,$24.99,$24.99,2020-03-09,12990,576,8,Very Positive,13111,1454,14565,445220_1,1,2026-09-06T09:19:12+00:00
445310,Might and Magic: Heroes VII – Trial by Fire,game,False,USD,0,$29.99,$29.99,2016-08-04,1644,90,5,Mixed,1132,584,1716,445310_1,1,2026-09-06T09:32:35+00:00
445980,Wizard of Legend,game,False,USD,0,$15.99,$15.99,2018-05-15,17318,55,8,Very Positive,19060,1996,21056,445980_1,1,2026-09-06T09:32:36+00:00
446020,Jalopy,game,False,USD,0,$14.99,$14.99,2018-03-28,9009,18,6,Mostly Positive,8619,2721,11340,446020_1,1,2026-09-06T09:42:07+00:00
446800,Transport Fever,game,False,USD,0,$29.99,$29.99,2016-11-08,9279,110,8,Very Positive,9033,1812,10845,446800_1,1,2026-09-06T09:32:11+00:00
447020,Farming Simulator 17,game,False,USD,0,$14.99,$14.99,2016-10-24,23054,415,8,Very Positive,24245,1695,25940,447020_1,1,2026-09-06T09:25:11+00:00
447040,Watch_Dogs® 2,game,False,USD,0,$49.99,$49.99,2016-11-28,94964,2299,8,Very Positive,83556,18179,101735,447040_1,1,2026-09-06T09:16:37+00:00
447530,VA-11 Hall-A: Cyberpunk Bartender Action,game,False,USD,0,$14.99,$14.99,2016-06-21,33814,71,9,Overwhelmingly Positive,37650,1056,38706,447530_1,1,2026-09-06T09:36:34+00:00
448280,Job Simulator,game,False,USD,0,$19.99,$19.99,2016-04-05,4402,75,8,Very Positive,4983,474,5457,448280_1,1,2026-09-06T09:39:35+00:00
448510,Overcooked,game,False,USD,80,$16.99,$3.39,2016-08-03,13500,354,8,Very Positive,14973,1735,16708,448510_1,1,2026-09-06T09:22:30+00:00
449300,Planar Conquest,game,False,USD,90,$9.99,$0.99,2016-05-30,377,62,5,Mixed,356,223,579,449300_1,1,2026-09-06T09:16:57+00:00
450540,"Hot Dogs, Horseshoes & Hand Grenades",game,False,USD,0,$19.99,$19.99,2026-07-04,22754,131,9,Overwhelmingly Positive,23176,717,23893,450540_1,1,2026-09-06T09:23:06+00:00
451340,Gold Mining Simulator,game,False,USD,0,$19.99,$19.99,2017-10-13,15117,287,6,Mostly Positive,11887,4507,16394,451340_1,1,2026-09-06T09:23:59+00:00
453090,Parkitect,game,False,USD,0,$29.99,$29.99,2018-11-29,6797,109,8,Very Positive,7664,472,8136,453090_1,1,2026-09-06T09:26:36+00:00
454650,DRAGON BALL XENOVERSE 2,game,False,USD,75,$19.99,$4.99,2016-10-27,45018,806,8,Very Positive,53458,6020,59478,454650_1,1,2026-09-06T09:15:59+00:00
456750,The Room Three,game,False,USD,0,$5.99,$5.99,2018-11-13,12973,60,9,Overwhelmingly Positive,12799,624,13423,456750_1,1,2026-09-06T09:34:04+00:00
457140,Oxygen Not Included,game,False,USD,0,$24.99,$24.99,2019-07-30,135179,10520,9,Overwhelmingly Positive,138981,4711,143692,457140_1,1,2026-09-06T09:14:19+00:00
457550,Bigscreen Beta,game,True,,,,,2016-04-28,,30,8,Very Positive,2752,489,3241,457550_1,1,2026-09-06T09:31:34+00:00
458030,StarFringe: Adversus,game,False,USD,88,$5.99,$0.71,2023-07-26,139,6,5,Mixed,151,85,236,458030_1,1,2026-09-06T09:24:09+00:00
458710,Kingdom Rush Frontiers - Tower Defense,game,False,USD,0,$9.99,$9.99,2016-07-25,9985,359,9,Overwhelmingly Positive,10436,359,10795,458710_1,1,2026-09-06T09:25:03+00:00
459220,Halo Wars: Definitive Edition,game,False,USD,0,$19.99,$19.99,2017-04-20,8610,106,8,Very Positive,8708,817,9525,459220_1,1,2026-09-06T09:22:54+00:00
459820,Crush Crush,game,True,,,,,2016-10-18,567,781,8,Very Positive,25319,3182,28501,459820_1,1,2026-09-06T09:16:53+00:00
460790,Bayonetta,game,False,USD,0,$19.99,$19.99,2017-04-11,27331,128,8,Very Positive,30120,2466,32586,460790_1,1,2026-09-06T09:23:35+00:00
460810,Vanquish,game,False,USD,0,$19.99,$19.99,2017-05-25,6962,18,8,Very Positive,7150,833,7983,460810_1,1,2026-09-06T09:42:09+00:00
460920,Steep™,game,False,USD,0,$29.99,$29.99,2016-12-02,30590,62,8,Very Positive,27437,5653,33090,460920_1,1,2026-09-06T09:34:47+00:00
460930,Tom Clancy's Ghost Recon® Wildlands,game,False,USD,0,$49.99,$49.99,2017-03-06,99070,5310,6,Mostly Positive,89342,24929,114271,460930_1,1,2026-09-06T09:14:09+00:00
460950,Katana ZERO,game,False,USD,0,$14.99,$14.99,2019-04-18,66302,104,9,Overwhelmingly Positive,74499,1585,76084,460950_1,1,2026-09-06T09:30:12+00:00
460960,The Deed: Dynasty,game,False,USD,76,$2.99,$0.71,2016-05-10,530,35,8,Very Positive,843,192,1035,460960_1,1,2026-09-06T09:38:02+00:00
462780,Darksiders Warmastered Edition,game,False,USD,0,$19.99,$19.99,2016-11-29,13908,141,8,Very Positive,16628,2256,18884,462780_1,1,2026-09-06T09:28:04+00:00
462960,Caveman World: Mountains of Unga Boonga,game,False,USD,65,$1.99,$0.69,2016-04-26,444,22,6,Mostly Positive,1197,422,1619,462960_1,1,2026-09-06T09:41:41+00:00
463530,Empires of the Undergrowth,game,False,USD,0,$29.99,$29.99,2024-06-07,17428,918,8,Very Positive,17798,1065,18863,463530_1,1,2026-09-06T09:18:40+00:00
464350,Screeps: World,game,False,USD,0,$19.99,$19.99,2016-11-16,1934,45,8,Very Positive,1809,285,2094,464350_1,1,2026-09-06T09:38:03+00:00
466170,Idling to Rule the Gods,game,True,,,,,2016-05-27,,1068,8,Very Positive,1806,326,2132,466170_1,1,2026-09-06T09:16:56+00:00
466300,Planescape: Torment: Enhanced Edition,game,False,USD,0,$19.99,$19.99,2017-04-11,4719,74,8,Very Positive,5333,307,5640,466300_1,1,2026-09-06T09:31:06+00:00
466560,Northgard: Definitive Edition,game,False,USD,72,$34.99,$9.79,2018-03-07,54443,1586,8,Very Positive,58573,10136,68709,466560_1,1,2026-09-06T09:16:46+00:00
468920,Ultimate Fishing Simulator®,game,False,USD,0,$19.99,$19.99,2018-08-30,8244,152,8,Very Positive,8149,991,9140,468920_1,1,2026-09-06T09:31:26+00:00
469600,Legion TD 2 - Multiplayer Tower Defense,game,False,USD,0,$24.99,$24.99,2021-10-01,12586,786,8,Very Positive,13177,2100,15277,469600_1,1,2026-09-06T09:18:41+00:00
470220,UNO,game,False,USD,0,$9.99,$9.99,2017-01-03,42004,67,6,Mostly Positive,38043,16135,54178,470220_1,1,2026-09-06T09:24:10+00:00
470310,TROUBLESHOOTER: Abandoned Children,game,False,USD,0,$24.99,$24.99,2020-04-23,9452,163,8,Very Positive,9197,646,9843,470310_1,1,2026-09-06T09:28:40+00:00
471550,Nine Parchments,game,False,USD,80,$19.99,$3.99,2017-12-05,4117,50,6,Mostly Positive,3656,1086,4742,471550_1,1,2026-09-06T09:41:42+00:00
474960,Quantum Break,game,False,USD,0,$39.99,$39.99,2016-09-29,23097,62,8,Very Positive,26506,4443,30949,474960_1,1,2026-09-06T09:32:12+00:00
475150,Titan Quest Anniversary Edition,game,False,USD,0,$19.99,$19.99,2016-08-31,25858,831,8,Very Positive,34234,3682,37916,475150_1,1,2026-09-06T09:20:43+00:00
475550,Beholder,game,False,USD,0,$13.99,$13.99,2016-11-09,23162,135,8,Very Positive,28452,2596,31048,475550_1,1,2026-09-06T09:34:36+00:00
476460,Picross Touch,game,True,,,,,2016-08-24,,55,8,Very Positive,1731,102,1833,476460_1,1,2026-09-06T09:31:07+00:00
476600,Call of Duty®: WWII,game,False,USD,75,$59.99,$14.99,2017-11-02,33322,801,6,Mostly Positive,32860,13847,46707,476600_1,1,2026-09-06T09:19:11+00:00
477160,Human Fall Flat,game,False,USD,0,$19.99,$19.99,2016-07-22,174707,1694,8,Very Positive,214510,12187,226697,477160_1,1,2026-09-06T09:18:37+00:00
477740,Zero Escape: The Nonary Games,game,False,USD,80,$29.99,$5.99,2017-03-24,6982,124,8,Very Positive,6850,522,7372,477740_1,1,2026-09-06T09:28:32+00:00
478980,Mansions of Madness,game,True,,,,,2016-08-01,,34,8,Very Positive,1203,98,1301,478980_1,1,2026-09-06T09:36:58+00:00
480490,Prey,game,False,USD,0,$29.99,$29.99,2017-05-04,37698,327,8,Very Positive,49586,5006,54592,480490_1,1,2026-09-06T09:21:37+00:00
480650,Yu-Gi-Oh! Legacy of the Duelist,game,False,USD,75,$19.99,$4.99,2016-12-07,4445,70,8,Very Positive,4200,839,5039,480650_1,1,2026-09-06T09:30:54+00:00
481510,Night in the Woods,game,False,USD,0,$19.99,$19.99,2017-02-21,17978,44,8,Very Positive,19186,1055,20241,481510_1,1,2026-09-06T09:31:35+00:00
482400,System Shock,game,False,USD,0,$39.99,$39.99,2023-05-30,9764,60,8,Very Positive,11689,1249,12938,482400_1,1,2026-09-06T09:31:01+00:00
482920,Hero Zero - Multiplayer RPG,game,True,,,,,2016-07-05,,131,8,Very Positive,3138,700,3838,482920_1,1,2026-09-06T09:33:14+00:00
485510,Nioh: Complete Edition,game,False,USD,0,$49.99,$49.99,2017-11-07,29536,486,6,Mostly Positive,30755,8179,38934,485510_1,1,2026-09-06T09:21:21+00:00
485610,Soccer Online: Ball 3D,game,False,USD,0,$0.99,$0.99,2017-03-31,4618,19,8,Very Positive,9006,1665,10671,485610_1,1,2026-09-06T09:41:01+00:00
486860,MMORPG Tycoon 2,game,False,USD,0,$24.99,$24.99,2020-01-06,2972,53,8,Very Positive,2715,428,3143,486860_1,1,2026-09-06T09:34:48+00:00
488790,South Park™: The Fractured But Whole™,game,False,USD,0,$29.99,$29.99,2017-10-16,31959,231,8,Very Positive,28546,4969,33515,488790_1,1,2026-09-06T09:21:58+00:00
488860,MADNESS: Project Nexus,game,False,USD,0,$24.99,$24.99,2021-09-29,15953,116,9,Overwhelmingly Positive,17047,495,17542,488860_1,1,2026-09-06T09:25:56+00:00
489520,Minion Masters,game,True,,,,,2019-05-24,1563,282,8,Very Positive,58363,6922,65285,489520_1,1,2026-09-06T09:23:08+00:00
489630,"Warhammer 40,000: Gladius - Relics of War",game,False,USD,0,$39.99,$39.99,2018-07-12,8141,770,8,Very Positive,15256,3415,18671,489630_1,1,2026-09-06T09:17:51+00:00
489830,The Elder Scrolls V: Skyrim Special Edition,game,False,USD,0,$39.99,$39.99,2016-10-27,218702,22270,8,Very Positive,347373,29347,376720,489830_1,1,2026-09-06T09:13:20+00:00
490110,The Precinct,game,False,USD,0,$29.99,$29.99,2025-05-13,7794,118,8,Very Positive,8089,1153,9242,490110_1,1,2026-09-06T09:28:58+00:00
491540,The Bus,game,False,USD,25,$39.99,$29.99,2026-03-26,7786,371,6,Mostly Positive,6147,2313,8460,491540_1,1,2026-09-06T09:28:27+00:00
492090,A-Train PC Classic,game,False,USD,0,$59.99,$59.99,2016-12-13,114,37,6,Mostly Positive,120,31,151,492090_1,1,2026-09-06T09:39:12+00:00
492720,Tropico 6,game,False,USD,70,$39.99,$11.99,2019-03-29,19794,1163,8,Very Positive,25847,3618,29465,492720_1,1,2026-09-06T09:17:32+00:00
493340,Planet Coaster,game,False,USD,0,$44.99,$44.99,2016-11-17,59758,580,8,Very Positive,65921,6258,72179,493340_1,1,2026-09-06T09:19:54+00:00
493490,City Car Driving,game,False,USD,0,$24.99,$24.99,2016-11-03,33544,688,8,Very Positive,29857,6253,36110,493490_1,1,2026-09-06T09:25:31+00:00
493520,GTFO,game,False,USD,72,$39.99,$11.19,2021-12-09,46076,811,8,Very Positive,55962,10741,66703,493520_1,1,2026-09-06T09:17:29+00:00
493900,Dungeons 3,game,False,USD,80,$29.99,$5.99,2017-10-13,12641,86,8,Very Positive,17619,1095,18714,493900_1,1,2026-09-06T09:34:49+00:00
494840,UBOAT,game,False,USD,0,$29.99,$29.99,2024-08-02,25532,729,8,Very Positive,22919,4326,27245,494840_1,1,2026-09-06T09:19:16+00:00
495050,Mega Man Legacy Collection 2,game,False,USD,75,$19.99,$4.99,2017-08-08,1533,45,8,Very Positive,1555,283,1838,495050_1,1,2026-09-06T09:28:47+00:00
495140,NARUTO: Ultimate Ninja STORM,game,False,USD,50,$19.99,$9.99,2017-08-25,5980,63,6,Mostly Positive,5528,1670,7198,495140_1,1,2026-09-06T09:31:27+00:00
495280,Disgaea 2 PC,game,False,USD,0,$19.99,$19.99,2017-01-30,1510,34,8,Very Positive,1561,143,1704,495280_1,1,2026-09-06T09:36:21+00:00
495420,State of Decay 2: Juggernaut Edition,game,False,USD,75,$29.99,$7.49,2020-03-13,58989,2144,8,Very Positive,57803,12064,69867,495420_1,1,2026-09-06T09:15:24+00:00
495910,Dungeon Fighter Online,game,True,,,,,2016-08-09,,104,5,Mixed,3453,2273,5726,495910_1,1,2026-09-06T09:29:26+00:00
496300,Kingdom: New Lands,game,False,USD,90,$14.99,$1.49,2016-08-09,10139,130,8,Very Positive,10559,1810,12369,496300_1,1,2026-09-06T09:29:37+00:00
496460,Life is Feudal: Forest Village,game,False,USD,0,$24.99,$24.99,2017-05-26,5231,59,5,Mixed,4000,2021,6021,496460_1,1,2026-09-06T09:38:04+00:00
498240,Batman - The Telltale Series,game,False,USD,0,$14.99,$14.99,2016-08-02,15033,50,8,Very Positive,15969,2238,18207,498240_1,1,2026-09-06T09:34:37+00:00
501300,What Remains of Edith Finch,game,False,USD,0,$19.99,$19.99,2017-04-24,46922,156,9,Overwhelmingly Positive,50409,2325,52734,501300_1,1,2026-09-06T09:30:13+00:00
502500,ACE COMBAT™ 7: SKIES UNKNOWN,game,False,USD,0,$59.99,$59.99,2019-01-31,46140,802,8,Very Positive,49811,6869,56680,502500_1,1,2026-09-06T09:18:21+00:00
502520,Ultimate General: Civil War,game,False,USD,0,$29.99,$29.99,2017-07-14,8317,346,8,Very Positive,7636,958,8594,502520_1,1,2026-09-06T09:20:26+00:00
503560,911 Operator,game,False,USD,0,$14.99,$14.99,2017-02-24,14417,95,8,Very Positive,17531,2277,19808,503560_1,1,2026-09-06T09:32:03+00:00
503940,Railway Empire,game,False,USD,80,$29.99,$5.99,2018-01-26,7212,170,8,Very Positive,8033,1679,9712,503940_1,1,2026-09-06T09:28:01+00:00
504230,Celeste,game,False,USD,75,$19.99,$4.99,2018-01-25,131580,2075,9,Overwhelmingly Positive,142971,3816,146787,504230_1,1,2026-09-06T09:15:23+00:00
504370,Battlerite,game,True,,,,,2017-11-08,21473,204,8,Very Positive,50289,9057,59346,504370_1,1,2026-09-06T09:21:47+00:00
504390,Along the Edge,game,False,USD,0,$13.99,$13.99,2016-10-12,332,31,8,Very Positive,886,195,1081,504390_1,1,2026-09-06T09:41:20+00:00
505230,Pathologic 2,game,False,USD,0,$34.99,$34.99,2019-05-23,9535,53,8,Very Positive,11159,1014,12173,505230_1,1,2026-09-06T09:37:33+00:00
505460,Foxhole,game,False,USD,0,$29.99,$29.99,2022-09-28,47274,1609,6,Mostly Positive,42125,10887,53012,505460_1,1,2026-09-06T09:15:44+00:00
506610,Five Nights at Freddy's: Sister Location,game,False,USD,0,$7.99,$7.99,2016-10-07,11486,13,8,Very Positive,11395,1265,12660,506610_1,1,2026-09-06T09:38:53+00:00
507490,Ashes of the Singularity: Escalation,game,False,USD,0,$29.99,$29.99,2016-11-10,2695,33,6,Mostly Positive,3683,1298,4981,507490_1,1,2026-09-06T09:41:21+00:00
508440,Totally Accurate Battle Simulator,game,False,USD,66,$19.99,$6.79,2021-04-01,143757,2717,9,Overwhelmingly Positive,150369,3348,153717,508440_1,1,2026-09-06T09:15:17+00:00
509980,BIGFOOT,game,False,USD,0,$19.99,$19.99,2017-01-31,17805,46,8,Very Positive,18347,3999,22346,509980_1,1,2026-09-06T09:29:39+00:00
511680,Fate/EXTELLA,game,False,USD,65,$39.99,$13.99,2017-07-25,4089,20,8,Very Positive,4072,409,4481,511680_1,1,2026-09-06T09:36:35+00:00
512900,Streets of Rogue,game,False,USD,0,$19.99,$19.99,2019-07-12,17209,241,9,Overwhelmingly Positive,22142,912,23054,512900_1,1,2026-09-06T09:26:07+00:00
513710,SCUM,game,False,USD,60,$44.99,$17.99,2025-06-17,98316,10900,6,Mostly Positive,93976,32705,126681,513710_1,1,2026-09-06T09:14:14+00:00
515180,Bus Simulator 18,game,False,USD,0,$14.99,$14.99,2018-06-13,8765,110,8,Very Positive,11069,2604,13673,515180_1,1,2026-09-06T09:41:44+00:00
515570,UBERMOSH Vol.3,game,False,USD,0,$0.99,$0.99,2016-08-15,1591,934,8,Very Positive,1542,134,1676,515570_1,1,2026-09-06T09:31:03+00:00
516750,My Summer Car,game,False,USD,0,$14.99,$14.99,2025-01-08,108252,1441,8,Very Positive,111347,5954,117301,516750_1,1,2026-09-06T09:18:27+00:00
517630,Just Cause 4 Reloaded,game,False,,,,,2018-12-04,23346,236,5,Mixed,20006,12261,32267,517630_1,1,2026-09-06T09:25:36+00:00
517790,Caesar™ 3,game,False,USD,35,$5.99,$3.89,2016-08-29,2118,117,8,Very Positive,2081,165,2246,517790_1,1,2026-09-06T09:29:15+00:00
518060,Chess Ultra,game,False,USD,70,$12.99,$3.89,2017-06-21,1829,22,6,Mostly Positive,1729,587,2316,518060_1,1,2026-09-06T09:42:10+00:00
518150,Intruder,game,False,USD,0,$19.99,$19.99,2019-03-01,5427,11,8,Very Positive,6342,687,7029,518150_1,1,2026-09-06T09:41:22+00:00
518790,theHunter: Call of the Wild™,game,True,USD,0,Free,Free,2017-02-16,169998,3942,8,Very Positive,180287,22083,202370,518790_1,1,2026-09-06T09:15:00+00:00
519860,DUSK,game,False,USD,0,$19.99,$19.99,2018-12-10,22055,27,9,Overwhelmingly Positive,24708,778,25486,519860_1,1,2026-09-06T09:38:25+00:00
520440,GUILTY GEAR Xrd REV 2,game,False,USD,0,$29.99,$29.99,2016-12-14,7995,41,8,Very Positive,10457,624,11081,520440_1,1,2026-09-06T09:30:34+00:00
521680,Bandit Kings of Ancient China,game,False,USD,0,$12.99,$12.99,2017-02-21,,44,6,Mostly Positive,31,9,40,521680_1,1,2026-09-06T09:37:34+00:00
521690,Romance of the Three Kingdoms II,game,False,USD,0,$12.99,$12.99,2017-01-24,,21,6,Mostly Positive,31,10,41,521690_1,1,2026-09-06T09:41:45+00:00
521750,Romance of the Three Kingdoms V with Power Up Kit,game,False,USD,0,$19.99,$19.99,2017-04-18,105,38,6,Mostly Positive,87,25,112,521750_1,1,2026-09-06T09:38:05+00:00
521890,Hello Neighbor,game,False,USD,0,$29.99,$29.99,2017-12-08,26170,255,8,Very Positive,28108,4550,32658,521890_1,1,2026-09-06T09:24:29+00:00
522470,The House of Da Vinci,game,False,USD,0,$19.99,$19.99,2017-11-24,6698,25,8,Very Positive,6289,1020,7309,522470_1,1,2026-09-06T09:41:46+00:00
524220,NieR:Automata™,game,False,USD,0,$39.99,$39.99,2017-03-17,114981,779,8,Very Positive,133955,19262,153217,524220_1,1,2026-09-06T09:17:57+00:00
525480,.hack//G.U. Last Recode,game,False,USD,0,$49.99,$49.99,2017-11-03,3507,58,8,Very Positive,3699,558,4257,525480_1,1,2026-09-06T09:33:07+00:00
526870,Satisfactory,game,False,USD,0,$39.99,$39.99,2024-09-10,234591,15089,9,Overwhelmingly Positive,271348,7630,278978,526870_1,1,2026-09-06T09:13:37+00:00
527230,For The King,game,False,USD,0,$19.99,$19.99,2018-04-19,31018,480,8,Very Positive,38385,5374,43759,527230_1,1,2026-09-06T09:22:15+00:00
527430,"Warhammer 40,000: Inquisitor - Martyr",game,False,USD,0,$49.99,$49.99,2018-06-05,19540,159,6,Mostly Positive,16952,5347,22299,527430_1,1,2026-09-06T09:27:37+00:00
527710,Crown Champion: Legends of the Arena,game,False,USD,84,$4.99,$0.79,2016-10-21,202,23,6,Mostly Positive,456,120,576,527710_1,1,2026-09-06T09:41:47+00:00
528230,SYNTHETIK: Legion Rising,game,False,USD,0,$19.99,$19.99,2018-03-15,10112,43,8,Very Positive,12289,805,13094,528230_1,1,2026-09-06T09:38:06+00:00
528740,Operation: New Earth,game,True,,,,,2016-12-14,,185,5,Mixed,508,332,840,528740_1,1,2026-09-06T09:25:07+00:00
529180,Dark and Light,game,False,USD,73,$17.99,$4.85,2017-07-20,10574,32,5,Mixed,6152,5680,11832,529180_1,1,2026-09-06T09:39:36+00:00
529340,Victoria 3,game,False,USD,70,$49.99,$14.99,2022-10-25,42203,7360,6,Mostly Positive,42942,18117,61059,529340_1,1,2026-09-06T09:14:24+00:00
531510,Just Shapes & Beats,game,False,USD,40,$19.99,$11.99,2018-05-31,23989,91,9,Overwhelmingly Positive,25441,619,26060,531510_1,1,2026-09-06T09:27:49+00:00
531640,Eternal Card Game,game,True,,,,,2018-11-15,190,137,6,Mostly Positive,5414,1627,7041,531640_1,1,2026-09-06T09:27:57+00:00
532110,Rusty Lake: Roots,game,False,USD,0,$3.99,$3.99,2016-10-20,8367,310,9,Overwhelmingly Positive,8847,301,9148,532110_1,1,2026-09-06T09:27:50+00:00
532210,Life is Strange 2,game,True,,,,,2018-09-26,22751,159,8,Very Positive,35861,5127,40988,532210_1,1,2026-09-06T09:24:18+00:00
532790,Vampire: The Masquerade® - Bloodlines™ 2,game,False,USD,0,$59.99,$59.99,2025-10-21,10419,74,5,Mixed,7182,5775,12957,532790_1,1,2026-09-06T09:29:40+00:00
534380,Dying Light 2 Stay Human: Reloaded Edition,game,False,USD,0,$59.99,$59.99,2022-02-03,164705,4163,6,Mostly Positive,172638,46601,219239,534380_1,1,2026-09-06T09:15:16+00:00
535930,Two Point Hospital,game,False,USD,0,$29.99,$29.99,2018-08-29,26622,977,8,Very Positive,32143,2808,34951,535930_1,1,2026-09-06T09:19:42+00:00
536220,The Walking Dead: A New Frontier,game,False,USD,0,$14.99,$14.99,2016-12-20,15461,24,8,Very Positive,15515,3061,18576,536220_1,1,2026-09-06T09:39:59+00:00
536270,Ancestors: The Humankind Odyssey,game,False,USD,0,$39.99,$39.99,2020-08-27,9775,126,6,Mostly Positive,9477,2514,11991,536270_1,1,2026-09-06T09:28:48+00:00
537180,Digimon Masters Online,game,True,,,,,2016-11-03,173,105,5,Mixed,5425,2701,8126,537180_1,1,2026-09-06T09:26:17+00:00
537800,Bomber Crew,game,False,USD,0,$15.99,$15.99,2017-10-19,10411,51,8,Very Positive,13585,1929,15514,537800_1,1,2026-09-06T09:35:01+00:00
538030,Xenonauts 2,game,False,USD,0,$39.99,$39.99,2026-04-02,4826,293,8,Very Positive,4716,1079,5795,538030_1,1,2026-09-06T09:23:28+00:00
538680,The Legend of Heroes: Trails of Cold Steel,game,False,USD,50,$39.99,$19.99,2017-08-02,5121,109,8,Very Positive,5600,323,5923,538680_1,1,2026-09-06T09:27:12+00:00
539270,Mahjong,game,False,USD,0,$9.99,$9.99,2017-02-20,586,31,8,Very Positive,544,106,650,539270_1,1,2026-09-06T09:39:37+00:00
539470,Police Stories,game,False,USD,85,$19.99,$2.99,2019-09-19,7876,52,8,Very Positive,8230,1482,9712,539470_1,1,2026-09-06T09:36:36+00:00
541210,Cold Waters,game,False,USD,0,$39.99,$39.99,2017-06-05,4599,52,8,Very Positive,4127,609,4736,541210_1,1,2026-09-06T09:32:46+00:00
541300,Survive the Nights,game,False,USD,75,$19.99,$4.99,2025-12-05,4703,106,5,Mixed,4431,2319,6750,541300_1,1,2026-09-06T09:27:29+00:00
541570,Sally Face - Episode One,game,False,USD,0,$2.99,$2.99,2016-12-14,27210,539,9,Overwhelmingly Positive,28534,779,29313,541570_1,1,2026-09-06T09:19:03+00:00
543460,Dead Rising 4,game,False,USD,0,$29.99,$29.99,2017-03-14,4762,36,5,Mixed,4766,3643,8409,543460_1,1,2026-09-06T09:36:59+00:00
543870,NARUTO SHIPPUDEN: Ultimate Ninja STORM 2,game,False,USD,50,$19.99,$9.99,2017-08-25,3446,21,8,Very Positive,3776,479,4255,543870_1,1,2026-09-06T09:38:07+00:00
543900,METAL GEAR SURVIVE,game,False,USD,40,$29.99,$17.99,2018-02-21,3682,34,5,Mixed,3748,1953,5701,543900_1,1,2026-09-06T09:37:00+00:00
544550,Stationeers,game,False,USD,25,$34.99,$26.24,2017-12-12,8572,445,8,Very Positive,8121,1136,9257,544550_1,1,2026-09-06T09:19:40+00:00
544730,Catan Universe,game,True,,,,,2017-04-25,,677,5,Mixed,8617,9514,18131,544730_1,1,2026-09-06T09:17:16+00:00
544750,SOULCALIBUR VI,game,False,USD,90,$59.99,$5.99,2018-10-18,9756,146,8,Very Positive,11878,2481,14359,544750_1,1,2026-09-06T09:23:05+00:00
544810,KARDS - The WW2 Card Game,game,True,,,,,2020-04-15,168,5185,5,Mixed,34966,16265,51231,544810_1,1,2026-09-06T09:14:32+00:00
544920,Darwin Project,game,True,,,,,2020-01-13,1377,11,8,Very Positive,15083,3382,18465,544920_1,1,2026-09-06T09:38:26+00:00
546050,Puyo Puyo™Tetris®,game,False,USD,0,$19.99,$19.99,2018-02-27,4677,26,8,Very Positive,4716,855,5571,546050_1,1,2026-09-06T09:40:00+00:00
546090,Trip to Vinelands,game,False,USD,90,$4.99,$0.49,2016-10-21,1562,318,8,Very Positive,1409,244,1653,546090_1,1,2026-09-06T09:14:44+00:00
546560,Half-Life: Alyx,game,False,USD,0,$59.99,$59.99,2020-03-23,92853,240,9,Overwhelmingly Positive,103324,1830,105154,546560_1,1,2026-09-06T09:25:18+00:00
547900,Front Office Football Eight,game,False,USD,0,$19.99,$19.99,2016-11-23,275,25,8,Very Positive,237,44,281,547900_1,1,2026-09-06T09:37:36+00:00
548430,Deep Rock Galactic,game,False,USD,0,$29.99,$29.99,2020-05-13,302869,4394,9,Overwhelmingly Positive,368664,10948,379612,548430_1,1,2026-09-06T09:14:43+00:00
548570,RAGE 2,game,False,USD,0,$39.99,$39.99,2019-05-13,14010,63,5,Mixed,10791,6256,17047,548570_1,1,2026-09-06T09:35:02+00:00
550320,art of rally,game,False,USD,0,$24.99,$24.99,2020-09-23,5565,50,8,Very Positive,6045,530,6575,550320_1,1,2026-09-06T09:34:50+00:00
550470,NosTale - Anime MMORPG,game,True,,,,,2017-09-18,,268,6,Mostly Positive,2547,1087,3634,550470_1,1,2026-09-06T09:25:57+00:00
550650,Black Squad,game,True,,,,,2019-06-26,,206,6,Mostly Positive,61572,19653,81225,550650_1,1,2026-09-06T09:25:06+00:00
551170,Onmyoji,game,True,,,,,2018-04-18,269,438,8,Very Positive,2532,558,3090,551170_1,1,2026-09-06T09:20:22+00:00
552100,Brick Rigs,game,False,USD,30,$19.99,$13.99,2023-07-14,53585,1369,8,Very Positive,56436,3015,59451,552100_1,1,2026-09-06T09:17:01+00:00
552500,Warhammer: Vermintide 2,game,False,USD,80,$29.99,$5.99,2018-03-08,90968,2748,8,Very Positive,125469,22080,147549,552500_1,1,2026-09-06T09:15:30+00:00
552520,Far Cry® 5,game,False,USD,0,$59.99,$59.99,2018-03-26,172728,1851,8,Very Positive,153181,35765,188946,552520_1,1,2026-09-06T09:15:55+00:00
552620,ATOM RPG: Post-apocalyptic indie game,game,False,USD,0,$14.99,$14.99,2018-12-19,10725,129,8,Very Positive,8944,1608,10552,552620_1,1,2026-09-06T09:33:33+00:00
552990,World of Warships,game,True,,,,,2017-11-15,2032,9584,6,Mostly Positive,119423,36929,156352,552990_1,1,2026-09-06T09:14:05+00:00
553310,Lethal League Blaze,game,False,USD,0,$19.99,$19.99,2018-10-24,4767,25,9,Overwhelmingly Positive,6493,199,6692,553310_1,1,2026-09-06T09:35:58+00:00
553420,TUNIC,game,False,USD,0,$29.99,$29.99,2022-03-16,16655,208,8,Very Positive,16881,1647,18528,553420_1,1,2026-09-06T09:23:39+00:00
553520,Trainz Railroad Simulator 2019,game,False,USD,0,$39.99,$39.99,2019-01-07,2613,186,6,Mostly Positive,2110,630,2740,553520_1,1,2026-09-06T09:25:51+00:00
553540,Phantom Brigade,game,False,USD,0,$29.99,$29.99,2023-02-28,4400,71,8,Very Positive,3670,860,4530,553540_1,1,2026-09-06T09:29:41+00:00
553850,HELLDIVERS™ 2,game,False,USD,0,$39.99,$39.99,2024-02-08,837687,44017,6,Mostly Positive,876557,284173,1160730,553850_1,1,2026-09-06T09:13:00+00:00
554620,Life is Strange: Before the Storm,game,False,USD,0,$16.99,$16.99,2017-08-31,33483,35,8,Very Positive,35346,2548,37894,554620_1,1,2026-09-06T09:36:37+00:00
555160,Pavlov,game,False,USD,0,$24.99,$24.99,2024-12-04,37866,76,8,Very Positive,35922,4614,40536,555160_1,1,2026-09-06T09:33:25+00:00
555570,Infestation: The New Z,game,True,,,,,2016-11-22,2167,181,5,Mixed,18318,15568,33886,555570_1,1,2026-09-06T09:26:18+00:00
555950,Danganronpa Another Episode: Ultra Despair Girls,game,False,USD,0,$29.99,$29.99,2017-06-27,7348,92,8,Very Positive,6287,1428,7715,555950_1,1,2026-09-06T09:32:38+00:00
557600,Gorogoa,game,False,USD,0,$14.99,$14.99,2017-12-14,19135,60,9,Overwhelmingly Positive,20235,525,20760,557600_1,1,2026-09-06T09:40:01+00:00
558230,Elsword Free-to-Play,game,True,,,,,2018-06-14,,73,6,Mostly Positive,799,265,1064,558230_1,1,2026-09-06T09:35:59+00:00
558990,Opus Magnum,game,False,USD,0,$19.99,$19.99,2017-12-07,5925,98,9,Overwhelmingly Positive,6999,197,7196,558990_1,1,2026-09-06T09:28:14+00:00
559650,Witch It,game,False,USD,0,$19.99,$19.99,2020-10-22,14539,20,8,Very Positive,17652,2218,19870,559650_1,1,2026-09-06T09:42:11+00:00
560130,Pillars of Eternity II: Deadfire,game,False,USD,0,$19.99,$19.99,2018-05-08,14643,295,8,Very Positive,17652,2406,20058,560130_1,1,2026-09-06T09:22:27+00:00
561770,Just Ignore Them,game,False,USD,81,$3.99,$0.75,2017-04-28,685,31,6,Mostly Positive,1190,432,1622,561770_1,1,2026-09-06T09:38:08+00:00
562010,Tanki Online,game,True,,,,,2017-03-02,,93,5,Mixed,4359,2693,7052,562010_1,1,2026-09-06T09:40:02+00:00
563560,Alien Swarm: Reactive Drop,game,True,,,,,2017-04-20,,232,8,Very Positive,22566,1214,23780,563560_1,1,2026-09-06T09:27:46+00:00
564230,Fire Pro Wrestling World,game,False,USD,80,$29.99,$5.99,2017-12-18,3122,114,8,Very Positive,2993,345,3338,564230_1,1,2026-09-06T09:28:15+00:00
564310,Serious Sam Fusion 2017 (beta),game,False,USD,90,$14.99,$1.49,,4638,138,8,Very Positive,5172,405,5577,564310_1,1,2026-09-06T09:33:00+00:00
564530,Pharaoh + Cleopatra,game,False,USD,50,$9.99,$4.99,2016-12-15,2507,67,8,Very Positive,2369,216,2585,564530_1,1,2026-09-06T09:30:01+00:00
564710,Soda Dungeon,game,True,,,,,2017-02-06,757,60,8,Very Positive,5969,367,6336,564710_1,1,2026-09-06T09:32:54+00:00
566050,Zeus + Poseidon,game,False,USD,50,$9.99,$4.99,2016-12-15,1909,134,9,Overwhelmingly Positive,1890,72,1962,566050_1,1,2026-09-06T09:28:54+00:00
567630,Blood of Steel,game,True,,,,,2020-10-20,,111,6,Mostly Positive,5209,1695,6904,567630_1,1,2026-09-06T09:28:56+00:00
567640,Danganronpa V3: Killing Harmony,game,False,USD,0,$39.99,$39.99,2017-09-25,21890,369,8,Very Positive,19244,3989,23233,567640_1,1,2026-09-06T09:21:20+00:00
568220,Lobotomy Corporation | Monster Management Simulation,game,False,USD,0,$24.99,$24.99,2018-04-09,52370,2170,8,Very Positive,53644,3283,56927,568220_1,1,2026-09-06T09:15:21+00:00
568320,Pictopix,game,False,USD,0,$6.99,$6.99,2017-01-05,1404,50,9,Overwhelmingly Positive,1456,48,1504,568320_1,1,2026-09-06T09:35:45+00:00
569480,Kingdoms and Castles,game,False,USD,0,$19.99,$19.99,2017-07-20,30307,197,8,Very Positive,29393,2024,31417,569480_1,1,2026-09-06T09:24:59+00:00
570770,古剑奇谭二(GuJian2),game,False,USD,0,$15.99,$15.99,2017-09-07,2742,31,6,Mostly Positive,2328,695,3023,570770_1,1,2026-09-06T09:39:38+00:00
570780,古剑奇谭(GuJian),game,False,USD,0,$11.99,$11.99,2017-09-07,5132,74,6,Mostly Positive,4553,1161,5714,570780_1,1,2026-09-06T09:31:48+00:00
570940,DARK SOULS™: REMASTERED,game,False,USD,0,$39.99,$39.99,2018-05-23,100002,2007,8,Very Positive,143211,11687,154898,570940_1,1,2026-09-06T09:15:34+00:00
571260,THE KING OF FIGHTERS XIV STEAM EDITION,game,False,USD,85,$59.99,$8.99,2017-06-15,3350,27,8,Very Positive,3496,744,4240,571260_1,1,2026-09-06T09:40:27+00:00
571740,Golf It!,game,False,USD,0,$8.99,$8.99,2023-08-18,24687,153,8,Very Positive,28086,2978,31064,571740_1,1,2026-09-06T09:22:51+00:00
572890,Pikuniku,game,False,USD,0,$12.99,$12.99,2019-01-24,10070,89,9,Overwhelmingly Positive,11341,490,11831,572890_1,1,2026-09-06T09:30:48+00:00
573090,Stormworks: Build and Rescue,game,False,USD,0,$24.99,$24.99,2020-09-17,54512,1332,8,Very Positive,54215,5690,59905,573090_1,1,2026-09-06T09:16:40+00:00
573100,Battlefleet Gothic: Armada 2,game,False,USD,80,$19.99,$3.99,2019-01-24,9690,226,6,Mostly Positive,8189,2830,11019,573100_1,1,2026-09-06T09:24:30+00:00
575720,Mighty Party,game,True,,,,,2017-03-30,,122,5,Mixed,1449,1073,2522,575720_1,1,2026-09-06T09:28:41+00:00
576770,Low Magic Age,game,False,USD,0,$14.99,$14.99,2017-01-10,3337,66,8,Very Positive,3125,394,3519,576770_1,1,2026-09-06T09:32:47+00:00
577230,Three Kingdoms The Last Warlord,game,False,USD,0,$3.99,$3.99,2021-02-04,3613,62,5,Mixed,2706,1249,3955,577230_1,1,2026-09-06T09:32:39+00:00
577940,Killer Instinct,game,True,,,,,2017-09-27,4278,18,8,Very Positive,4923,761,5684,577940_1,1,2026-09-06T09:39:39+00:00
578080,PUBG: BATTLEGROUNDS,game,True,,,,,2017-12-21,1763241,481883,5,Mixed,1665018,1085470,2750488,578080_1,1,2026-09-06T09:12:55+00:00
578330,LEGO® City Undercover,game,False,USD,0,$19.99,$19.99,2017-04-04,7395,266,8,Very Positive,10495,999,11494,578330_1,1,2026-09-06T09:25:15+00:00
579180,Ys VIII: Lacrimosa of DANA,game,False,USD,0,$39.99,$39.99,2018-04-16,6167,61,8,Very Positive,6360,683,7043,579180_1,1,2026-09-06T09:31:11+00:00
581130,Metal Waltz: Anime tank girls,game,True,,,,,2017-05-02,,37,6,Mostly Positive,1362,370,1732,581130_1,1,2026-09-06T09:35:31+00:00
581320,Insurgency: Sandstorm,game,False,USD,80,$29.99,$5.99,2018-12-12,104052,1145,8,Very Positive,112880,20270,133150,581320_1,1,2026-09-06T09:16:44+00:00
582010,Monster Hunter: World,game,False,USD,0,$29.99,$29.99,2018-08-08,320494,18041,8,Very Positive,458583,57872,516455,582010_1,1,2026-09-06T09:13:28+00:00
582160,Assassin's Creed® Origins,game,False,USD,0,$59.99,$59.99,2017-10-26,119596,1940,8,Very Positive,110555,18196,128751,582160_1,1,2026-09-06T09:15:53+00:00
582500,We Were Here,game,True,,,,,2017-02-03,1748,205,8,Very Positive,29620,3539,33159,582500_1,1,2026-09-06T09:25:16+00:00
582660,Black Desert,game,False,USD,0,$9.99,$9.99,2017-05-24,62977,21022,6,Mostly Positive,69287,24963,94250,582660_1,1,2026-09-06T09:13:27+00:00
583950,Artifact,game,True,,,,,2018-11-28,19446,10604,5,Mixed,11664,13100,24764,583950_1,1,2026-09-06T09:13:48+00:00
584400,Sonic Mania,game,False,USD,0,$19.99,$19.99,2017-08-29,24306,99,8,Very Positive,27096,1762,28858,584400_1,1,2026-09-06T09:30:40+00:00
585420,Trailmakers,game,False,USD,0,$24.99,$24.99,2019-09-18,33306,1395,8,Very Positive,35921,3083,39004,585420_1,1,2026-09-06T09:16:32+00:00
586140,BlazBlue Centralfiction,game,False,USD,0,$39.99,$39.99,2017-04-25,9471,266,8,Very Positive,11561,745,12306,586140_1,1,2026-09-06T09:22:23+00:00
586200,Street Fighter 30th Anniversary Collection,game,False,USD,67,$29.99,$9.89,2018-05-29,2301,39,6,Mostly Positive,2473,1003,3476,586200_1,1,2026-09-06T09:35:32+00:00
586350,UBERMOSH:WRAITH,game,False,USD,0,$0.99,$0.99,2017-01-29,1626,75,8,Very Positive,1578,133,1711,586350_1,1,2026-09-06T09:35:04+00:00
587520,Dungeons of Sundaria,game,False,USD,85,$9.99,$1.49,2023-12-12,3019,31,6,Mostly Positive,2607,893,3500,587520_1,1,2026-09-06T09:36:38+00:00
587620,Okami HD,game,False,USD,50,$19.99,$9.99,2017-12-12,8209,65,8,Very Positive,9864,860,10724,587620_1,1,2026-09-06T09:34:11+00:00
588030,Derail Valley,game,False,USD,0,$39.99,$39.99,2019-01-25,9403,452,9,Overwhelmingly Positive,9416,327,9743,588030_1,1,2026-09-06T09:21:39+00:00
588430,Fallout Shelter,game,True,,,,,2017-03-29,,1907,8,Very Positive,72616,10076,82692,588430_1,1,2026-09-06T09:15:47+00:00
588650,Dead Cells,game,False,USD,0,$24.99,$24.99,2018-08-06,155976,2836,9,Overwhelmingly Positive,177688,5436,183124,588650_1,1,2026-09-06T09:15:06+00:00
589290,Holdfast: Nations At War,game,False,USD,50,$19.99,$9.99,2020-03-05,26571,383,8,Very Positive,26509,2993,29502,589290_1,1,2026-09-06T09:22:03+00:00
589360,Ni no Kuni™ II: Revenant Kingdom,game,False,USD,0,$59.99,$59.99,2018-03-23,8099,63,8,Very Positive,9321,1838,11159,589360_1,1,2026-09-06T09:35:47+00:00
589530,Hakuoki: Kyoto Winds,game,False,USD,0,$9.99,$9.99,2017-08-24,1952,35,8,Very Positive,2170,160,2330,589530_1,1,2026-09-06T09:37:50+00:00
589870,Learn to Fly 3,game,True,,,,,2017-05-12,,69,8,Very Positive,10687,601,11288,589870_1,1,2026-09-06T09:33:34+00:00
590380,Into the Breach,game,False,USD,80,$14.99,$2.99,2018-02-27,18910,592,8,Very Positive,20982,1283,22265,590380_1,1,2026-09-06T09:19:21+00:00
590830,s&box,game,False,USD,0,$19.99,$19.99,2026-04-28,5079,389,5,Mixed,5366,3826,9192,590830_1,1,2026-09-06T09:21:33+00:00
591740,Sniper Fury,game,True,,,,,2017-06-13,,76,5,Mixed,1368,1437,2805,591740_1,1,2026-09-06T09:33:08+00:00
591960,Animation Throwdown: The Quest for Cards,game,True,,,,,2017-05-05,,25,6,Mostly Positive,3082,1104,4186,591960_1,1,2026-09-06T09:37:51+00:00
593030,Strategic Command WWII: War in Europe,game,False,USD,0,$39.99,$39.99,2017-06-06,333,54,8,Very Positive,400,43,443,593030_1,1,2026-09-06T09:36:40+00:00
593280,Cat Quest,game,False,USD,75,$12.99,$3.24,2017-08-08,8353,60,8,Very Positive,10117,573,10690,593280_1,1,2026-09-06T09:40:28+00:00
593600,PixARK,game,False,USD,75,$19.99,$4.99,2019-05-31,11078,1434,6,Mostly Positive,9796,3753,13549,593600_1,1,2026-09-06T09:16:04+00:00
594330,Visage,game,False,USD,0,$34.99,$34.99,2020-10-29,8738,36,8,Very Positive,9177,1761,10938,594330_1,1,2026-09-06T09:39:13+00:00
594570,Total War: WARHAMMER II,game,False,USD,0,$59.99,$59.99,2017-09-28,87883,1132,8,Very Positive,112956,8507,121463,594570_1,1,2026-09-06T09:17:06+00:00
594650,Hunt: Showdown 1896,game,False,USD,0,$29.99,$29.99,2019-08-27,212454,18235,6,Mostly Positive,204805,73016,277821,594650_1,1,2026-09-06T09:13:33+00:00
595520,FINAL FANTASY XII THE ZODIAC AGE,game,False,USD,0,$49.99,$49.99,2018-02-01,8650,342,8,Very Positive,9089,1140,10229,595520_1,1,2026-09-06T09:21:45+00:00
596970,Sunless Skies: Sovereign Edition,game,False,USD,0,$24.99,$24.99,2019-01-31,2656,43,8,Very Positive,2929,545,3474,596970_1,1,2026-09-06T09:39:14+00:00
597170,Clone Drone in the Danger Zone,game,False,USD,0,$19.99,$19.99,2021-07-27,36012,446,9,Overwhelmingly Positive,37934,1526,39460,597170_1,1,2026-09-06T09:20:18+00:00
597180,Old World,game,False,USD,0,$39.99,$39.99,2022-05-18,5972,542,8,Very Positive,5660,1203,6863,597180_1,1,2026-09-06T09:19:53+00:00
597220,West of Loathing,game,False,USD,66,$10.99,$3.73,2017-08-10,9703,59,9,Overwhelmingly Positive,10059,238,10297,597220_1,1,2026-09-06T09:32:40+00:00
597760,Yuppie Psycho: Executive Edition,game,False,USD,0,$16.99,$16.99,2019-04-25,7988,39,8,Very Positive,9036,477,9513,597760_1,1,2026-09-06T09:40:03+00:00
597820,BIOMUTANT,game,False,USD,0,$39.99,$39.99,2021-05-25,13160,39,5,Mixed,13361,6826,20187,597820_1,1,2026-09-06T09:39:41+00:00
598330,SimAirport,game,False,USD,0,$24.99,$24.99,2020-02-28,3905,39,6,Mostly Positive,3209,839,4048,598330_1,1,2026-09-06T09:37:11+00:00
598810,Carcassonne - Tiles & Tactics,game,False,USD,0,$9.99,$9.99,2017-11-29,1974,81,8,Very Positive,2334,453,2787,598810_1,1,2026-09-06T09:33:01+00:00
599140,Graveyard Keeper,game,False,USD,0,$19.99,$19.99,2018-08-15,39448,2625,8,Very Positive,47221,8106,55327,599140_1,1,2026-09-06T09:15:31+00:00
599390,Battle for Wesnoth,game,True,,,,,2018-05-01,,186,8,Very Positive,5643,346,5989,599390_1,1,2026-09-06T09:26:34+00:00
600480,Megaquarium,game,False,USD,70,$24.99,$7.49,2018-09-13,3436,71,9,Overwhelmingly Positive,3606,177,3783,600480_1,1,2026-09-06T09:32:04+00:00
600750,Star Trek Timelines,game,True,,,,,2017-07-12,,196,5,Mixed,1006,524,1530,600750_1,1,2026-09-06T09:24:31+00:00
601050,Attack on Titan 2 - A.O.T.2,game,False,USD,0,$39.99,$39.99,2023-04-26,6817,85,8,Very Positive,7300,525,7825,601050_1,1,2026-09-06T09:31:29+00:00
601150,Devil May Cry 5,game,False,USD,75,$29.99,$7.49,2019-03-07,118795,1808,9,Overwhelmingly Positive,163581,6760,170341,601150_1,1,2026-09-06T09:15:48+00:00
601430,The Evil Within 2,game,False,USD,0,$39.99,$39.99,2017-10-12,19753,163,8,Very Positive,28535,2457,30992,601430_1,1,2026-09-06T09:26:45+00:00
601510,Yu-Gi-Oh! Duel Links,game,True,,,,,2017-11-16,,1752,8,Very Positive,37265,7698,44963,601510_1,1,2026-09-06T09:15:51+00:00
601840,Griftlands,game,False,USD,0,$19.99,$19.99,2021-06-01,13436,51,8,Very Positive,13536,927,14463,601840_1,1,2026-09-06T09:33:35+00:00
602320,Train Valley 2,game,False,USD,0,$14.99,$14.99,2019-04-15,2342,363,8,Very Positive,2866,343,3209,602320_1,1,2026-09-06T09:21:53+00:00
602960,Barotrauma,game,False,USD,50,$39.99,$19.99,2023-03-13,61744,3002,8,Very Positive,84201,5354,89555,602960_1,1,2026-09-06T09:15:07+00:00
603850,Age of History II,game,False,USD,0,$5.99,$5.99,2018-11-21,47589,505,8,Very Positive,44901,5083,49984,603850_1,1,2026-09-06T09:22:14+00:00
604500,Tank Force: Online Shooter Game,game,True,,,,,2017-10-23,,155,5,Mixed,2132,1107,3239,604500_1,1,2026-09-06T09:26:37+00:00
604540,Empire of Sin,game,False,USD,0,$39.99,$39.99,2020-12-01,4542,65,5,Mixed,3022,3261,6283,604540_1,1,2026-09-06T09:33:51+00:00
605230,Grey Hack,game,False,USD,0,$19.99,$19.99,2017-12-14,1797,31,8,Very Positive,1685,184,1869,605230_1,1,2026-09-06T09:41:02+00:00
605740,"Flashing Lights - Police, Firefighting, Emergency Services (EMS) Simulator",game,False,USD,0,$24.99,$24.99,2023-05-15,16147,109,6,Mostly Positive,14860,3836,18696,605740_1,1,2026-09-06T09:28:59+00:00
606150,Moonlighter,game,False,USD,90,$19.99,$1.99,2018-05-29,17254,1131,8,Very Positive,19720,4508,24228,606150_1,1,2026-09-06T09:16:47+00:00
606230,Thea 2: The Shattering,game,False,USD,0,$24.99,$24.99,2019-05-13,1983,35,6,Mostly Positive,1728,439,2167,606230_1,1,2026-09-06T09:41:48+00:00
606280,Darksiders III,game,False,USD,0,$39.99,$39.99,2018-11-27,12494,92,6,Mostly Positive,13252,4203,17455,606280_1,1,2026-09-06T09:30:55+00:00
606880,GreedFall,game,False,USD,90,$34.99,$3.49,2019-09-09,18428,165,6,Mostly Positive,16738,5268,22006,606880_1,1,2026-09-06T09:28:17+00:00
607080,Psychonauts 2,game,False,USD,0,$59.99,$59.99,2021-08-24,12291,83,9,Overwhelmingly Positive,13807,628,14435,607080_1,1,2026-09-06T09:29:16+00:00
607260,McOsu,game,True,,,,,2017-03-20,,68,8,Very Positive,5668,731,6399,607260_1,1,2026-09-06T09:32:05+00:00
609320,FAR: Lone Sails,game,False,USD,75,$14.99,$3.74,2018-05-17,24431,46,9,Overwhelmingly Positive,25167,1254,26421,609320_1,1,2026-09-06T09:36:00+00:00
610080,Realm Grinder,game,True,,,,,2017-06-15,,346,8,Very Positive,6444,994,7438,610080_1,1,2026-09-06T09:22:04+00:00
610180,The Jackbox Party Pack 4,game,False,USD,0,$24.99,$24.99,2017-10-18,2477,44,9,Overwhelmingly Positive,3240,169,3409,610180_1,1,2026-09-06T09:32:13+00:00
610370,Desperados III,game,False,USD,0,$39.99,$39.99,2020-06-16,11859,197,9,Overwhelmingly Positive,16019,578,16597,610370_1,1,2026-09-06T09:26:23+00:00
611500,Quake Champions,game,True,,,,,2022-08-18,6348,228,6,Mostly Positive,28822,10188,39010,611500_1,1,2026-09-06T09:27:41+00:00
611660,Fallout 4 VR,game,False,USD,0,$59.99,$59.99,2017-12-11,5620,38,5,Mixed,5251,3513,8764,611660_1,1,2026-09-06T09:39:16+00:00
611670,The Elder Scrolls V: Skyrim VR,game,False,USD,0,$59.99,$59.99,2018-04-02,9118,195,6,Mostly Positive,9234,3091,12325,611670_1,1,2026-09-06T09:24:50+00:00
611790,House Party,game,False,USD,60,$24.99,$9.99,2022-07-15,13958,234,8,Very Positive,13230,2196,15426,611790_1,1,2026-09-06T09:24:19+00:00
612020,Zombidle : REMONSTERED,game,True,,,,,2017-05-30,,75,8,Very Positive,1539,262,1801,612020_1,1,2026-09-06T09:31:51+00:00
612300,Sudden Strike Gold,game,False,USD,60,$5.99,$2.39,2017-05-22,425,35,8,Very Positive,450,60,510,612300_1,1,2026-09-06T09:41:03+00:00
612880,Wolfenstein II: The New Colossus,game,False,USD,0,$39.99,$39.99,2017-10-26,35210,354,8,Very Positive,40301,9237,49538,612880_1,1,2026-09-06T09:22:52+00:00
613100,House Flipper,game,False,USD,0,$24.99,$24.99,2018-05-17,92221,1924,8,Very Positive,104866,6725,111591,613100_1,1,2026-09-06T09:16:00+00:00
613830,CHRONO TRIGGER®,game,False,USD,0,$14.99,$14.99,2018-02-27,12131,155,8,Very Positive,11929,1590,13519,613830_1,1,2026-09-06T09:25:42+00:00
614570,Dishonored®: Death of the Outsider™,game,False,USD,0,$29.99,$29.99,2017-09-14,9782,76,8,Very Positive,11708,1661,13369,614570_1,1,2026-09-06T09:31:39+00:00
614910,#monstercakes,game,False,USD,0,$0.99,$0.99,2017-05-05,706,64,8,Very Positive,759,103,862,614910_1,1,2026-09-06T09:40:05+00:00
616920,BatMUD,game,False,USD,0,$4.99,$4.99,2019-11-19,187,29,8,Very Positive,162,29,191,616920_1,1,2026-09-06T09:40:30+00:00
617290,Remnant: From the Ashes,game,False,USD,0,$39.99,$39.99,2019-08-19,47155,282,8,Very Positive,48320,9026,57346,617290_1,1,2026-09-06T09:22:26+00:00
619820,Heroes of Hammerwatch II,game,False,USD,50,$24.99,$12.49,2025-01-14,5788,347,8,Very Positive,5359,1152,6511,619820_1,1,2026-09-06T09:22:07+00:00
620590,Ancestors Legacy,game,False,USD,80,$34.99,$6.99,2018-05-22,5790,51,6,Mostly Positive,6830,1822,8652,620590_1,1,2026-09-06T09:37:52+00:00
620980,Beat Saber,game,False,USD,0,$19.99,$19.99,2019-05-21,69714,312,9,Overwhelmingly Positive,72821,3438,76259,620980_1,1,2026-09-06T09:22:32+00:00
621060,PC Building Simulator,game,False,USD,0,$19.99,$19.99,2019-01-29,42151,160,8,Very Positive,49319,3429,52748,621060_1,1,2026-09-06T09:27:14+00:00
621830,WRC 7 FIA World Rally Championship,game,False,USD,0,$19.99,$19.99,2017-09-15,12117,448,8,Very Positive,12952,2770,15722,621830_1,1,2026-09-06T09:21:12+00:00
622220,Fate/EXTELLA LINK,game,False,USD,70,$49.99,$14.99,2019-03-19,4200,43,8,Very Positive,4392,344,4736,622220_1,1,2026-09-06T09:35:10+00:00
622650,Bendy and the Ink Machine,game,False,USD,0,$19.99,$19.99,2017-04-27,26147,143,8,Very Positive,32978,4054,37032,622650_1,1,2026-09-06T09:29:01+00:00
624270,The Painscreek Killings,game,False,USD,75,$19.99,$4.99,2017-09-27,5705,126,8,Very Positive,5721,566,6287,624270_1,1,2026-09-06T09:28:06+00:00
625960,Stoneshard,game,False,USD,0,$24.99,$24.99,2020-02-06,34057,1601,6,Mostly Positive,26546,9005,35551,625960_1,1,2026-09-06T09:15:57+00:00
626690,Sword Art Online: Fatal Bullet,game,False,USD,0,$19.99,$19.99,2018-02-23,15461,54,6,Mostly Positive,15375,4126,19501,626690_1,1,2026-09-06T09:35:48+00:00
627270,Injustice™ 2,game,False,USD,0,$49.99,$49.99,2017-11-30,17429,176,8,Very Positive,21162,3371,24533,627270_1,1,2026-09-06T09:25:45+00:00
627690,Idle Champions of the Forgotten Realms,game,True,,,,,2020-03-25,,2301,6,Mostly Positive,11572,3467,15039,627690_1,1,2026-09-06T09:15:27+00:00
628050,Romance of the Three Kingdoms IX with Power Up Kit,game,False,USD,0,$29.99,$29.99,2017-10-17,569,233,8,Very Positive,511,99,610,628050_1,1,2026-09-06T09:24:01+00:00
628060,Romance of the Three Kingdoms X with Power Up Kit,game,False,USD,0,$29.99,$29.99,2017-12-05,691,121,8,Very Positive,610,127,737,628060_1,1,2026-09-06T09:27:25+00:00
628070,Romance of the Three Kingdoms XI with Power Up Kit,game,False,USD,0,$39.99,$39.99,2018-01-16,3748,1267,8,Very Positive,3800,310,4110,628070_1,1,2026-09-06T09:16:20+00:00
628080,Romance of the Three Kingdoms XII with Power Up Kit,game,False,USD,0,$39.99,$39.99,2018-01-16,451,120,6,Mostly Positive,366,125,491,628080_1,1,2026-09-06T09:29:05+00:00
628100,NOBUNAGA’S AMBITION: Shouseiroku with Power Up Kit,game,False,USD,0,$19.99,$19.99,2017-07-25,,68,8,Very Positive,44,8,52,628100_1,1,2026-09-06T09:30:56+00:00
628110,NOBUNAGA'S AMBITION: Reppuden with Power Up Kit,game,False,USD,0,$19.99,$19.99,2017-08-29,,103,5,Mixed,47,27,74,628110_1,1,2026-09-06T09:28:02+00:00
628140,NOBUNAGA'S AMBITION: Tenkasousei with Power Up Kit,game,False,USD,0,$29.99,$29.99,2018-01-16,148,94,6,Mostly Positive,114,40,154,628140_1,1,2026-09-06T09:28:52+00:00
628890,NOBUNAGA'S AMBITION: Taishi,game,False,USD,0,$59.99,$59.99,2017-11-29,804,199,5,Mixed,502,495,997,628890_1,1,2026-09-06T09:23:43+00:00
629730,Blade and Sorcery,game,False,USD,0,$29.99,$29.99,2024-06-17,59013,346,9,Overwhelmingly Positive,59951,2173,62124,629730_1,1,2026-09-06T09:22:05+00:00
629760,MORDHAU,game,False,USD,0,$29.99,$29.99,2019-04-29,91668,338,6,Mostly Positive,90467,22721,113188,629760_1,1,2026-09-06T09:22:09+00:00
629820,Maneater,game,False,USD,0,$39.99,$39.99,2021-05-25,21619,339,8,Very Positive,23089,3366,26455,629820_1,1,2026-09-06T09:21:50+00:00
631510,Devil May Cry HD Collection,game,False,USD,67,$29.99,$9.89,2018-03-13,19361,440,8,Very Positive,23857,1701,25558,631510_1,1,2026-09-06T09:20:21+00:00
632300,Hobo: Tough Life,game,False,USD,75,$29.99,$7.49,2021-04-12,8653,756,8,Very Positive,8398,1613,10011,632300_1,1,2026-09-06T09:17:40+00:00
632360,Risk of Rain 2,game,False,USD,0,$24.99,$24.99,2020-08-11,239751,5425,8,Very Positive,330656,21781,352437,632360_1,1,2026-09-06T09:14:22+00:00
632470,Disco Elysium - The Final Cut,game,False,USD,0,$39.99,$39.99,2019-10-15,117868,1352,8,Very Positive,121064,9749,130813,632470_1,1,2026-09-06T09:16:23+00:00
633230,NARUTO TO BORUTO: SHINOBI STRIKER,game,False,USD,75,$19.99,$4.99,2023-06-29,42551,367,8,Very Positive,47349,9259,56608,633230_1,1,2026-09-06T09:20:52+00:00
635260,CarX Drift Racing Online,game,False,USD,60,$16.99,$6.79,2017-11-17,82645,1014,9,Overwhelmingly Positive,84898,4378,89276,635260_1,1,2026-09-06T09:17:02+00:00
635940,Little Busters! English Edition,game,False,USD,60,$34.99,$13.99,2017-11-01,1091,48,9,Overwhelmingly Positive,1202,28,1230,635940_1,1,2026-09-06T09:33:59+00:00
636040,Pixel Worlds: MMO Sandbox,game,True,,,,,2017-06-08,,590,6,Mostly Positive,5956,2011,7967,636040_1,1,2026-09-06T09:19:57+00:00
636480,Ravenfield,game,False,USD,0,$17.99,$17.99,2017-05-18,76396,698,9,Overwhelmingly Positive,77374,2630,80004,636480_1,1,2026-09-06T09:18:42+00:00
637090,BATTLETECH,game,False,USD,0,$39.99,$39.99,2018-04-24,22997,992,8,Very Positive,27849,5310,33159,637090_1,1,2026-09-06T09:17:04+00:00
637650,FINAL FANTASY XV WINDOWS EDITION,game,False,USD,0,$34.99,$34.99,2018-03-06,44876,556,8,Very Positive,48276,9772,58048,637650_1,1,2026-09-06T09:19:27+00:00
638230,Journey,game,False,USD,0,$14.99,$14.99,2020-06-11,34746,69,8,Very Positive,36205,2278,38483,638230_1,1,2026-09-06T09:32:27+00:00
638510,dotAGE,game,False,USD,0,$17.59,$17.59,2023-10-04,2558,22,9,Overwhelmingly Positive,2551,131,2682,638510_1,1,2026-09-06T09:38:10+00:00
638650,Sword Art Online Re: Hollow Fragment,game,False,USD,0,$19.99,$19.99,2018-08-20,1861,29,6,Mostly Positive,1690,487,2177,638650_1,1,2026-09-06T09:38:54+00:00
639490,Umineko When They Cry - Answer Arcs,game,False,USD,0,$29.99,$29.99,2017-11-17,1468,33,9,Overwhelmingly Positive,1508,67,1575,639490_1,1,2026-09-06T09:39:42+00:00
640590,The LEGO® NINJAGO® Movie Video Game,game,False,USD,0,$19.99,$19.99,2017-09-22,1913,68,8,Very Positive,6917,1210,8127,640590_1,1,2026-09-06T09:33:36+00:00
640820,Pathfinder: Kingmaker — Enhanced Plus Edition,game,False,USD,0,$19.99,$19.99,2018-09-25,28115,664,6,Mostly Positive,27278,7871,35149,640820_1,1,2026-09-06T09:18:51+00:00
640890,Will Glow the Wisp,game,False,USD,65,$1.99,$0.69,2017-09-15,,27,8,Very Positive,1371,297,1668,640890_1,1,2026-09-06T09:41:50+00:00
641320,Cooking Simulator,game,False,USD,75,$19.99,$4.99,2019-06-06,17818,145,8,Very Positive,16681,3023,19704,641320_1,1,2026-09-06T09:27:08+00:00
641780,The Drone Racing League Simulator,game,False,USD,0,$9.99,$9.99,2017-11-01,4031,35,6,Mostly Positive,3577,911,4488,641780_1,1,2026-09-06T09:40:31+00:00
641990,The Escapists 2,game,False,USD,0,$19.99,$19.99,2017-08-21,26435,315,8,Very Positive,30590,3189,33779,641990_1,1,2026-09-06T09:21:55+00:00
644560,Mirror,game,False,USD,0,$1.99,$1.99,2018-04-19,73274,86,9,Overwhelmingly Positive,80954,3054,84008,644560_1,1,2026-09-06T09:31:30+00:00
644830,The Surge 2,game,False,USD,90,$29.99,$2.99,2019-09-23,7453,93,6,Mostly Positive,7210,2355,9565,644830_1,1,2026-09-06T09:30:25+00:00
644930,They Are Billions,game,False,USD,0,$29.99,$29.99,2019-06-18,46183,3126,8,Very Positive,43752,7650,51402,644930_1,1,2026-09-06T09:14:53+00:00
645260,Trophy Fishing 2,game,True,,,,,2017-07-13,,153,6,Mostly Positive,923,322,1245,645260_1,1,2026-09-06T09:25:38+00:00
645630,Car Mechanic Simulator 2018,game,False,USD,0,$19.99,$19.99,2017-07-28,48364,551,8,Very Positive,51439,5177,56616,645630_1,1,2026-09-06T09:20:13+00:00
646570,Slay the Spire,game,False,USD,0,$24.99,$24.99,2019-01-23,192999,7875,9,Overwhelmingly Positive,212585,5518,218103,646570_1,1,2026-09-06T09:14:06+00:00
646910,The Crew™ 2,game,False,USD,0,$29.99,$29.99,2018-06-28,86509,473,6,Mostly Positive,77278,22340,99618,646910_1,1,2026-09-06T09:21:09+00:00
647830,LEGO® Marvel Super Heroes 2,game,False,USD,0,$19.99,$19.99,2017-11-14,7438,231,8,Very Positive,8763,1482,10245,647830_1,1,2026-09-06T09:24:07+00:00
647960,Rusted Warfare - RTS,game,False,USD,0,$4.99,$4.99,2017-07-14,6601,277,9,Overwhelmingly Positive,7283,281,7564,647960_1,1,2026-09-06T09:22:19+00:00
648100,Raging Loop,game,False,USD,0,$29.99,$29.99,2017-08-23,10469,751,9,Overwhelmingly Positive,10678,485,11163,648100_1,1,2026-09-06T09:17:55+00:00
648350,Jurassic World Evolution,game,False,USD,0,$44.99,$44.99,2018-06-11,48311,199,8,Very Positive,48345,6946,55291,648350_1,1,2026-09-06T09:26:03+00:00
648410,Colony Ship: A Post-Earth Role Playing Game,game,False,USD,0,$39.99,$39.99,2023-11-09,4069,46,8,Very Positive,3710,507,4217,648410_1,1,2026-09-06T09:38:40+00:00
648580,428: Shibuya Scramble,game,False,USD,80,$49.99,$9.99,2018-09-04,3750,79,8,Very Positive,3740,209,3949,648580_1,1,2026-09-06T09:31:17+00:00
648800,Raft,game,False,USD,33,$19.99,$13.39,2022-06-20,323060,11758,8,Very Positive,351634,26493,378127,648800_1,1,2026-09-06T09:13:45+00:00
650700,Yume Nikki,game,True,,,,,2018-01-09,,31,8,Very Positive,9980,610,10590,650700_1,1,2026-09-06T09:39:17+00:00
650760,侠客风云传前传(Tale of Wuxia:The Pre-Sequel),game,False,USD,0,$16.99,$16.99,2017-08-14,2503,102,6,Mostly Positive,2325,597,2922,650760_1,1,2026-09-06T09:29:17+00:00
653530,Return of the Obra Dinn,game,False,USD,0,$19.99,$19.99,2018-10-18,32243,193,9,Overwhelmingly Positive,33978,1161,35139,653530_1,1,2026-09-06T09:25:53+00:00
654890,Grand Tactician: The Civil War (1861-1865),game,False,USD,60,$44.99,$17.99,2021-09-24,2316,116,6,Mostly Positive,1806,595,2401,654890_1,1,2026-09-06T09:29:31+00:00
655500,MX Bikes,game,False,USD,0,$34.99,$34.99,2019-10-07,35545,1861,8,Very Positive,34987,2123,37110,655500_1,1,2026-09-06T09:15:41+00:00
656350,UnderMine,game,False,USD,0,$19.99,$19.99,2020-08-06,9283,64,8,Very Positive,8886,962,9848,656350_1,1,2026-09-06T09:32:20+00:00
658620,Wonderful Everyday Down the Rabbit-Hole,game,False,USD,0,$29.99,$29.99,2017-08-30,2526,37,8,Very Positive,2527,203,2730,658620_1,1,2026-09-06T09:40:32+00:00
658850,Do Not Feed the Monkeys,game,False,USD,0,$15.99,$15.99,2018-10-23,10354,120,8,Very Positive,11892,822,12714,658850_1,1,2026-09-06T09:29:54+00:00
661130,ChilloutVR,game,True,,,,,2021-02-08,,20,6,Mostly Positive,1904,509,2413,661130_1,1,2026-09-06T09:41:24+00:00
663090,Granado Espada,game,True,,,,,2017-10-15,,1795,5,Mixed,904,490,1394,663090_1,1,2026-09-06T09:15:46+00:00
663390,Rento Fortune: Online Dice Board Game (大富翁),game,False,USD,0,$4.99,$4.99,2017-07-14,3062,38,5,Mixed,1758,1728,3486,663390_1,1,2026-09-06T09:38:11+00:00
666140,My Time at Portia,game,False,USD,80,$29.99,$5.99,2019-01-15,34831,471,8,Very Positive,40522,3772,44294,666140_1,1,2026-09-06T09:20:02+00:00
666150,Prehistoric Kingdom,game,False,USD,0,$29.99,$29.99,2022-04-27,5602,209,8,Very Positive,6040,672,6712,666150_1,1,2026-09-06T09:24:41+00:00
666570,Infectonator 3: Apocalypse,game,False,USD,80,$12.99,$2.59,2018-05-10,1246,27,8,Very Positive,1141,227,1368,666570_1,1,2026-09-06T09:41:04+00:00
666860,Bit Heroes Quest,game,True,,,,,2017-12-13,,155,8,Very Positive,2666,648,3314,666860_1,1,2026-09-06T09:26:38+00:00
667600,Sky Force Reloaded,game,False,USD,0,$9.99,$9.99,2017-11-29,2684,32,8,Very Positive,2567,196,2763,667600_1,1,2026-09-06T09:41:25+00:00
667890,Dead Maze,game,True,,,,,2018-02-13,,36,6,Mostly Positive,3604,1205,4809,667890_1,1,2026-09-06T09:37:53+00:00
667970,VTOL VR,game,False,USD,0,$29.99,$29.99,2017-08-03,19843,112,9,Overwhelmingly Positive,21354,426,21780,667970_1,1,2026-09-06T09:29:06+00:00
668580,Atomic Heart,game,False,USD,80,$59.99,$11.99,2023-02-20,39411,10914,8,Very Positive,42063,10060,52123,668580_1,1,2026-09-06T09:13:56+00:00
669330,Mechabellum,game,False,USD,0,$14.99,$14.99,2024-09-26,17821,1351,8,Very Positive,16230,3140,19370,669330_1,1,2026-09-06T09:16:17+00:00
670290,Real Pool 3D - Poolians,game,True,,,,,2018-01-04,,527,6,Mostly Positive,15104,4828,19932,670290_1,1,2026-09-06T09:19:33+00:00
671860,BattleBit Remastered,game,False,USD,0,$14.99,$14.99,2023-06-15,127675,269,8,Very Positive,119345,27029,146374,671860_1,1,2026-09-06T09:23:36+00:00
671970,Junkyard Simulator,game,False,USD,72,$19.99,$5.59,2021-10-13,2175,32,5,Mixed,1457,792,2249,671970_1,1,2026-09-06T09:41:26+00:00
672150,LOGistICAL 3: Earth,game,False,USD,0,$39.99,$39.99,2020-07-23,157,25,8,Very Positive,147,22,169,672150_1,1,2026-09-06T09:41:27+00:00
672680,Supremacy: Call of War 1942,game,True,,,,,2017-10-21,,258,6,Mostly Positive,4549,1824,6373,672680_1,1,2026-09-06T09:23:44+00:00
673610,Airport CEO,game,False,USD,0,$24.99,$24.99,2021-03-04,7743,205,8,Very Positive,6930,1410,8340,673610_1,1,2026-09-06T09:24:54+00:00
673750,Super Bunny Man,game,False,USD,0,$14.99,$14.99,2023-05-16,10124,413,8,Very Positive,10553,1846,12399,673750_1,1,2026-09-06T09:19:58+00:00
673880,"Warhammer 40,000: Mechanicus",game,False,USD,0,$29.99,$29.99,2018-11-15,11628,63,8,Very Positive,13296,1310,14606,673880_1,1,2026-09-06T09:35:26+00:00
673950,Farm Together,game,False,USD,0,$19.99,$19.99,2018-10-11,17642,203,8,Very Positive,20800,1311,22111,673950_1,1,2026-09-06T09:25:23+00:00
674140,Bugsnax,game,False,USD,0,$24.99,$24.99,2022-04-28,8647,81,9,Overwhelmingly Positive,9244,243,9487,674140_1,1,2026-09-06T09:31:04+00:00
674500,Total Tank Simulator,game,False,USD,0,$19.99,$19.99,2020-05-20,7572,33,6,Mostly Positive,6938,1820,8758,674500_1,1,2026-09-06T09:34:38+00:00
674750,Yet Another Zombie Defense HD,game,False,USD,0,$3.99,$3.99,2017-08-25,2562,53,8,Very Positive,3009,658,3667,674750_1,1,2026-09-06T09:35:33+00:00
674940,Stick Fight: The Game,game,False,USD,60,$4.99,$1.99,2017-09-28,99926,330,8,Very Positive,117199,8185,125384,674940_1,1,2026-09-06T09:21:30+00:00
675010,MudRunner,game,False,USD,80,$19.99,$3.99,2017-10-30,37577,700,8,Very Positive,40353,3699,44052,675010_1,1,2026-09-06T09:18:26+00:00
675260,Batman: The Enemy Within - The Telltale Series,game,False,USD,0,$14.99,$14.99,2017-08-08,8863,32,8,Very Positive,9865,831,10696,675260_1,1,2026-09-06T09:40:06+00:00
675690,Tribal Wars,game,True,,,,,2020-11-12,,56,6,Mostly Positive,598,242,840,675690_1,1,2026-09-06T09:34:12+00:00
677120,Heroes of Hammerwatch,game,False,USD,80,$14.99,$2.99,2018-03-01,7513,87,8,Very Positive,8336,1198,9534,677120_1,1,2026-09-06T09:29:33+00:00
677160,We Were Here Too,game,False,USD,0,$9.99,$9.99,2018-02-02,8982,38,6,Mostly Positive,8795,2464,11259,677160_1,1,2026-09-06T09:40:07+00:00
677340,The Colonists,game,False,USD,0,$24.99,$24.99,2018-10-24,1052,38,8,Very Positive,1063,179,1242,677340_1,1,2026-09-06T09:38:27+00:00
678800,SAS: Zombie Assault 4,game,True,,,,,2017-10-16,,105,8,Very Positive,8313,1359,9672,678800_1,1,2026-09-06T09:28:53+00:00
678900,Farmer's Dynasty - Final Harvest Edition,game,False,USD,80,$19.99,$3.99,2019-11-21,3479,57,6,Mostly Positive,3225,1086,4311,678900_1,1,2026-09-06T09:36:11+00:00
678950,DRAGON BALL FighterZ,game,False,USD,84,$89.99,$14.39,2018-01-26,55021,332,8,Very Positive,69403,7340,76743,678950_1,1,2026-09-06T09:21:01+00:00
678960,CODE VEIN,game,False,USD,0,$59.99,$59.99,2019-09-26,46283,321,8,Very Positive,51880,10608,62488,678960_1,1,2026-09-06T09:21:42+00:00
679900,Swords & Souls: Neverseen,game,False,USD,65,$14.99,$5.24,2019-07-22,6053,118,8,Very Positive,6004,438,6442,679900_1,1,2026-09-06T09:29:18+00:00
680420,OUTRIDERS,game,False,USD,0,$19.99,$19.99,2021-04-01,46143,141,5,Mixed,41056,20237,61293,680420_1,1,2026-09-06T09:27:33+00:00
681280,Descenders,game,False,USD,0,$24.99,$24.99,2019-05-07,19776,381,8,Very Positive,22617,1337,23954,681280_1,1,2026-09-06T09:21:31+00:00
682990,Drug Dealer Simulator,game,False,USD,0,$19.99,$19.99,2020-04-16,21301,71,8,Very Positive,18115,2915,21030,682990_1,1,2026-09-06T09:33:02+00:00
683320,GRIS,game,False,USD,0,$14.99,$14.99,2018-12-13,83797,90,9,Overwhelmingly Positive,92487,3803,96290,683320_1,1,2026-09-06T09:29:42+00:00
683900,RollerCoaster Tycoon® Classic,game,False,USD,0,$19.99,$19.99,2017-09-28,2656,230,8,Very Positive,2845,281,3126,683900_1,1,2026-09-06T09:23:45+00:00
684410,Bridge Constructor Portal,game,False,USD,90,$9.99,$0.99,2017-12-20,6617,89,8,Very Positive,6890,626,7516,684410_1,1,2026-09-06T09:30:49+00:00
684450,Surviving the Aftermath,game,False,USD,0,$29.99,$29.99,2021-11-16,3137,122,6,Mostly Positive,3240,1336,4576,684450_1,1,2026-09-06T09:28:07+00:00
686060,Mewgenics,game,False,USD,0,$29.99,$29.99,2026-02-10,49648,3772,8,Very Positive,48088,5421,53509,686060_1,1,2026-09-06T09:14:42+00:00
686200,Door Kickers: Action Squad,game,False,USD,0,$13.99,$13.99,2018-09-10,8778,54,8,Very Positive,10050,559,10609,686200_1,1,2026-09-06T09:34:51+00:00
686810,Hell Let Loose,game,False,USD,0,$49.99,$49.99,2021-07-27,99540,2432,8,Very Positive,122344,27301,149645,686810_1,1,2026-09-06T09:15:15+00:00
688130,Pogostuck: Rage With Your Friends,game,False,USD,0,$6.99,$6.99,2019-02-28,5561,394,8,Very Positive,5344,1070,6414,688130_1,1,2026-09-06T09:20:17+00:00
688420,Bad North: Jotunn Edition,game,False,USD,80,$14.99,$2.99,2018-11-16,12293,237,8,Very Positive,13291,962,14253,688420_1,1,2026-09-06T09:23:37+00:00
688470,Han Xiongnu Wars,game,False,USD,0,$6.99,$6.99,2017-12-07,2200,101,5,Mixed,2469,1648,4117,688470_1,1,2026-09-06T09:29:20+00:00
690640,Trine 4: The Nightmare Prince,game,False,USD,80,$29.99,$5.99,2019-10-08,11701,225,8,Very Positive,12689,1631,14320,690640_1,1,2026-09-06T09:23:03+00:00
690790,DiRT Rally 2.0,game,False,USD,0,$19.99,$19.99,2019-02-25,39053,694,8,Very Positive,43021,5404,48425,690790_1,1,2026-09-06T09:18:23+00:00
690830,Foundation,game,False,USD,33,$34.99,$23.44,2025-01-31,22993,1276,8,Very Positive,20969,3231,24200,690830_1,1,2026-09-06T09:16:22+00:00
692850,Bloodstained: Ritual of the Night,game,False,USD,0,$39.99,$39.99,2019-06-18,29549,198,8,Very Positive,38779,2871,41650,692850_1,1,2026-09-06T09:24:34+00:00
692890,Roboquest,game,False,USD,0,$24.99,$24.99,2023-11-07,19131,149,9,Overwhelmingly Positive,23221,1154,24375,692890_1,1,2026-09-06T09:26:43+00:00
694130,My Free Zoo,game,True,,,,,2017-11-28,,52,5,Mixed,455,278,733,694130_1,1,2026-09-06T09:36:01+00:00
694280,Zombie Army 4: Dead War,game,False,USD,0,$49.99,$49.99,2021-02-18,9941,1146,8,Very Positive,10333,1642,11975,694280_1,1,2026-09-06T09:16:27+00:00
695630,Chinese Paladin：Sword and Fairy,game,False,USD,0,$4.99,$4.99,2017-10-11,2457,45,5,Mixed,1299,1327,2626,695630_1,1,2026-09-06T09:34:05+00:00
698670,Scorn,game,False,USD,0,$39.99,$39.99,2022-10-14,14494,48,6,Mostly Positive,15110,4605,19715,698670_1,1,2026-09-06T09:37:12+00:00
698780,Doki Doki Literature Club!,game,True,,,,,2017-10-06,444,638,9,Overwhelmingly Positive,219430,8001,227431,698780_1,1,2026-09-06T09:18:24+00:00
699130,World War Z,game,False,USD,0,$29.99,$29.99,2021-09-21,24825,2790,8,Very Positive,26909,5727,32636,699130_1,1,2026-09-06T09:14:59+00:00
699170,Fell Seal: Arbiter's Mark,game,False,USD,0,$29.99,$29.99,2019-04-30,4987,49,8,Very Positive,5570,789,6359,699170_1,1,2026-09-06T09:37:01+00:00
700330,SCP: Secret Laboratory,game,True,,,,,2017-12-29,,5826,8,Very Positive,213261,20969,234230,700330_1,1,2026-09-06T09:14:20+00:00
700600,Evil Genius 2: World Domination,game,False,USD,90,$39.99,$3.99,2021-03-30,11254,202,5,Mixed,9152,4092,13244,700600_1,1,2026-09-06T09:24:25+00:00
701160,Kingdom Two Crowns,game,False,USD,80,$19.99,$3.99,2018-12-11,31145,2874,8,Very Positive,35755,3890,39645,701160_1,1,2026-09-06T09:14:58+00:00
701470,TTV2,game,False,USD,90,$4.99,$0.49,2017-09-11,1483,38,8,Very Positive,1339,213,1552,701470_1,1,2026-09-06T09:36:41+00:00
702050,The Song of Saya,game,False,USD,0,$14.99,$14.99,2019-08-12,9335,30,8,Very Positive,9089,1090,10179,702050_1,1,2026-09-06T09:40:33+00:00
702120,THE KING OF FIGHTERS '97 GLOBAL MATCH,game,False,USD,85,$9.99,$1.49,2018-04-03,1530,70,8,Very Positive,1365,326,1691,702120_1,1,2026-09-06T09:30:29+00:00
702320,March of Empires,game,True,,,,,2017-12-11,,628,5,Mixed,1159,706,1865,702320_1,1,2026-09-06T09:18:25+00:00
702670,Donut County,game,False,USD,0,$12.99,$12.99,2018-08-28,11006,36,8,Very Positive,11160,955,12115,702670_1,1,2026-09-06T09:40:34+00:00
703080,Planet Zoo,game,False,USD,0,$44.99,$44.99,2019-11-05,81091,3510,8,Very Positive,88824,8797,97621,703080_1,1,2026-09-06T09:14:48+00:00
704270,Generation Zero®,game,False,USD,0,$24.99,$24.99,2019-03-26,29079,246,6,Mostly Positive,30386,11800,42186,704270_1,1,2026-09-06T09:23:23+00:00
704450,Neverwinter Nights: Enhanced Edition,game,False,USD,0,$19.99,$19.99,2018-03-27,7844,585,8,Very Positive,8635,927,9562,704450_1,1,2026-09-06T09:18:49+00:00
704850,Thief Simulator,game,False,USD,0,$19.99,$19.99,2018-11-09,37345,401,8,Very Positive,35111,4741,39852,704850_1,1,2026-09-06T09:20:46+00:00
705210,Cube Racer,game,True,,,,,2017-10-30,,1084,8,Very Positive,2182,251,2433,705210_1,1,2026-09-06T09:16:49+00:00
707010,Will To Live Online,game,True,,,,,2018-04-05,1971,742,5,Mixed,12758,5638,18396,707010_1,1,2026-09-06T09:17:53+00:00
707030,POSTAL 4: No Regerts,game,False,USD,0,$19.99,$19.99,2022-04-20,10841,47,5,Mixed,8800,4648,13448,707030_1,1,2026-09-06T09:37:03+00:00
707710,Mobile Dungeon,game,True,,,,,2026-03-03,,69,5,Mixed,157,87,244,707710_1,1,2026-09-06T09:32:41+00:00
